firstname,lastname,email,profession
Christian,Redmond,Christian.Redmond@yopmail.com,developer
Viviene,Silvan,Viviene.Silvan@yopmail.com,developer
Laure,Shaver,Laure.Shaver@yopmail.com,developer
Ernesta,Grayce,Ernesta.Grayce@yopmail.com,worker
Celestyna,Tillford,Celestyna.Tillford@yopmail.com,police officer
Yvonne,Stanwood,Yvonne.Stanwood@yopmail.com,police officer
Fanny,Bearnard,Fanny.Bearnard@yopmail.com,worker
Rhea,Bonucci,Rhea.Bonucci@yopmail.com,developer
Babita,Cherianne,Babita.Cherianne@yopmail.com,worker
Jemie,Beniamino,Jemie.Beniamino@yopmail.com,firefighter
Edyth,Behre,Edyth.Behre@yopmail.com,developer
Clary,Jary,Clary.Jary@yopmail.com,developer
Fernande,Elsinore,Fernande.Elsinore@yopmail.com,firefighter
Margarette,Cavan,Margarette.Cavan@yopmail.com,firefighter
Max,Bates,Max.Bates@yopmail.com,developer
Frances,Raimondo,Frances.Raimondo@yopmail.com,police officer
Rebeca,McLaughlin,Rebeca.McLaughlin@yopmail.com,doctor
Karena,Leopold,Karena.Leopold@yopmail.com,firefighter
Jolyn,Cleo,Jolyn.Cleo@yopmail.com,developer
Alameda,Amethist,Alameda.Amethist@yopmail.com,developer
Marinna,Miru,Marinna.Miru@yopmail.com,doctor
Nickie,Orlene,Nickie.Orlene@yopmail.com,developer
Jenda,Dudley,Jenda.Dudley@yopmail.com,doctor
Adele,Thad,Adele.Thad@yopmail.com,worker
Renie,Blake,Renie.Blake@yopmail.com,worker
Yolane,Pelagias,Yolane.Pelagias@yopmail.com,worker
Jorry,Barbey,Jorry.Barbey@yopmail.com,firefighter
Sharlene,Ade,Sharlene.Ade@yopmail.com,worker
Talya,Himelman,Talya.Himelman@yopmail.com,developer
Hannis,Llovera,Hannis.Llovera@yopmail.com,worker
Danny,Halla,Danny.Halla@yopmail.com,doctor
Fredericka,Lail,Fredericka.Lail@yopmail.com,police officer
Albertina,Rosemary,Albertina.Rosemary@yopmail.com,worker
Cecile,Kinnard,Cecile.Kinnard@yopmail.com,police officer
Lynea,Adrienne,Lynea.Adrienne@yopmail.com,firefighter
Carmela,Laverne,Carmela.Laverne@yopmail.com,developer
Jessy,Virgin,Jessy.Virgin@yopmail.com,developer
Fanny,Wareing,Fanny.Wareing@yopmail.com,doctor
Marti,Pillsbury,Marti.Pillsbury@yopmail.com,worker
Layla,Wattenberg,Layla.Wattenberg@yopmail.com,firefighter
Florencia,Ellord,Florencia.Ellord@yopmail.com,worker
Calla,Land,Calla.Land@yopmail.com,developer
Fredericka,Alabaster,Fredericka.Alabaster@yopmail.com,developer
Doro,Belldas,Doro.Belldas@yopmail.com,worker
Ada,Phaidra,Ada.Phaidra@yopmail.com,police officer
Claresta,Pozzy,Claresta.Pozzy@yopmail.com,police officer
Courtnay,Sawtelle,Courtnay.Sawtelle@yopmail.com,police officer
Consuela,Weide,Consuela.Weide@yopmail.com,developer
Emylee,Monaco,Emylee.Monaco@yopmail.com,police officer
Hannis,Leonard,Hannis.Leonard@yopmail.com,firefighter
Annecorinne,Rolf,Annecorinne.Rolf@yopmail.com,police officer
Kaja,Marsden,Kaja.Marsden@yopmail.com,doctor
Belinda,Edee,Belinda.Edee@yopmail.com,developer
Kenna,Hepsibah,Kenna.Hepsibah@yopmail.com,worker
Xylina,Cressida,Xylina.Cressida@yopmail.com,developer
Susette,Schwejda,Susette.Schwejda@yopmail.com,worker
Celestyna,Timon,Celestyna.Timon@yopmail.com,worker
Gertrud,Dimitris,Gertrud.Dimitris@yopmail.com,worker
Tobe,Mendez,Tobe.Mendez@yopmail.com,police officer
Rhoda,Daegal,Rhoda.Daegal@yopmail.com,firefighter
Giustina,Evvie,Giustina.Evvie@yopmail.com,firefighter
Kylynn,Gino,Kylynn.Gino@yopmail.com,firefighter
Ana,Tjon,Ana.Tjon@yopmail.com,developer
Amara,Afton,Amara.Afton@yopmail.com,firefighter
Madelle,Shaver,Madelle.Shaver@yopmail.com,developer
Janis,Robertson,Janis.Robertson@yopmail.com,doctor
Giustina,Auberbach,Giustina.Auberbach@yopmail.com,doctor
Belinda,Cutlerr,Belinda.Cutlerr@yopmail.com,worker
Yvonne,Chem,Yvonne.Chem@yopmail.com,firefighter
Chandra,Sidonius,Chandra.Sidonius@yopmail.com,police officer
Sallie,Braun,Sallie.Braun@yopmail.com,police officer
Allis,Eckblad,Allis.Eckblad@yopmail.com,doctor
Theodora,Francene,Theodora.Francene@yopmail.com,firefighter
Gusella,Othilia,Gusella.Othilia@yopmail.com,doctor
Jessamyn,Presber,Jessamyn.Presber@yopmail.com,firefighter
Nickie,Lesley,Nickie.Lesley@yopmail.com,worker
Margarette,Shelba,Margarette.Shelba@yopmail.com,worker
Veda,Mitzi,Veda.Mitzi@yopmail.com,developer
Lilith,Valerio,Lilith.Valerio@yopmail.com,police officer
Melisent,Anestassia,Melisent.Anestassia@yopmail.com,police officer
Sophia,Reinke,Sophia.Reinke@yopmail.com,developer
Constance,Sothena,Constance.Sothena@yopmail.com,doctor
Blondelle,Avi,Blondelle.Avi@yopmail.com,firefighter
Mahalia,Susannah,Mahalia.Susannah@yopmail.com,police officer
Camile,Friede,Camile.Friede@yopmail.com,police officer
Elyssa,Belldas,Elyssa.Belldas@yopmail.com,developer
Ronna,Amasa,Ronna.Amasa@yopmail.com,developer
Carly,Justinn,Carly.Justinn@yopmail.com,doctor
Anallese,Seligman,Anallese.Seligman@yopmail.com,firefighter
Carly,Kimmie,Carly.Kimmie@yopmail.com,doctor
Marika,Letsou,Marika.Letsou@yopmail.com,firefighter
Feliza,Hazlett,Feliza.Hazlett@yopmail.com,police officer
Charlena,Naor,Charlena.Naor@yopmail.com,firefighter
Dyann,Wyn,Dyann.Wyn@yopmail.com,worker
Sabina,Letsou,Sabina.Letsou@yopmail.com,police officer
Corene,Mata,Corene.Mata@yopmail.com,doctor
Gabi,Muriel,Gabi.Muriel@yopmail.com,firefighter
Lory,Fry,Lory.Fry@yopmail.com,developer
Mallory,Campball,Mallory.Campball@yopmail.com,developer
Xylina,Schwejda,Xylina.Schwejda@yopmail.com,police officer
Genovera,Lissi,Genovera.Lissi@yopmail.com,developer
Mathilda,Gemini,Mathilda.Gemini@yopmail.com,police officer
Cordi,Lay,Cordi.Lay@yopmail.com,firefighter
Priscilla,Lattie,Priscilla.Lattie@yopmail.com,doctor
Britte,Gwenore,Britte.Gwenore@yopmail.com,police officer
Libbie,Urania,Libbie.Urania@yopmail.com,doctor
Chrystel,Shirberg,Chrystel.Shirberg@yopmail.com,police officer
Elsie,Kannry,Elsie.Kannry@yopmail.com,doctor
Xylina,Pozzy,Xylina.Pozzy@yopmail.com,worker
Renae,Ogren,Renae.Ogren@yopmail.com,firefighter
Malina,Phaidra,Malina.Phaidra@yopmail.com,police officer
Andree,Vanni,Andree.Vanni@yopmail.com,firefighter
Cherrita,Alwin,Cherrita.Alwin@yopmail.com,doctor
Dotty,Grimbly,Dotty.Grimbly@yopmail.com,police officer
Madalyn,Ranjiv,Madalyn.Ranjiv@yopmail.com,developer
Kristan,Carey,Kristan.Carey@yopmail.com,firefighter
Sybille,Odysseus,Sybille.Odysseus@yopmail.com,firefighter
Eolanda,Parsaye,Eolanda.Parsaye@yopmail.com,developer
Selia,Serilda,Selia.Serilda@yopmail.com,worker
Shirlee,Tice,Shirlee.Tice@yopmail.com,doctor
Vere,Payson,Vere.Payson@yopmail.com,police officer
Delilah,Wittie,Delilah.Wittie@yopmail.com,firefighter
Diena,Liva,Diena.Liva@yopmail.com,worker
Annora,Rosette,Annora.Rosette@yopmail.com,police officer
Helsa,Sancho,Helsa.Sancho@yopmail.com,worker
Raquela,Pozzy,Raquela.Pozzy@yopmail.com,firefighter
Gisela,Baudin,Gisela.Baudin@yopmail.com,police officer
Britni,Darrell,Britni.Darrell@yopmail.com,firefighter
Pierette,Ledah,Pierette.Ledah@yopmail.com,doctor
Clary,Ahab,Clary.Ahab@yopmail.com,police officer
Silvana,Ezar,Silvana.Ezar@yopmail.com,doctor
Chloris,Docilla,Chloris.Docilla@yopmail.com,police officer
Marcy,Edmund,Marcy.Edmund@yopmail.com,developer
Calla,Shama,Calla.Shama@yopmail.com,doctor
Adele,Anderea,Adele.Anderea@yopmail.com,doctor
Julieta,Dorcy,Julieta.Dorcy@yopmail.com,firefighter
Luci,Grosz,Luci.Grosz@yopmail.com,doctor
Lauryn,Santoro,Lauryn.Santoro@yopmail.com,firefighter
Jacenta,Nedrud,Jacenta.Nedrud@yopmail.com,worker
Kittie,Wilkinson,Kittie.Wilkinson@yopmail.com,police officer
Kellen,Tiffa,Kellen.Tiffa@yopmail.com,police officer
Florencia,Ephrem,Florencia.Ephrem@yopmail.com,police officer
Roxane,Susannah,Roxane.Susannah@yopmail.com,police officer
Brianna,Bluh,Brianna.Bluh@yopmail.com,doctor
Mahalia,Kenwood,Mahalia.Kenwood@yopmail.com,police officer
Ann-Marie,Corabella,Ann-Marie.Corabella@yopmail.com,doctor
Chickie,Zina,Chickie.Zina@yopmail.com,developer
Sheree,Abernon,Sheree.Abernon@yopmail.com,worker
Clementine,Noelyn,Clementine.Noelyn@yopmail.com,worker
Olivette,Zamora,Olivette.Zamora@yopmail.com,developer
Leona,Kirbee,Leona.Kirbee@yopmail.com,worker
Andree,Phi,Andree.Phi@yopmail.com,police officer
Drucie,Schenck,Drucie.Schenck@yopmail.com,worker
Libbie,Sparhawk,Libbie.Sparhawk@yopmail.com,firefighter
Modestia,Daegal,Modestia.Daegal@yopmail.com,doctor
Diena,Bebe,Diena.Bebe@yopmail.com,worker
Carlie,Niles,Carlie.Niles@yopmail.com,police officer
Dale,Daegal,Dale.Daegal@yopmail.com,developer
Bernardine,Hunfredo,Bernardine.Hunfredo@yopmail.com,police officer
Jan,Zamora,Jan.Zamora@yopmail.com,worker
Maridel,Shaver,Maridel.Shaver@yopmail.com,developer
Brianna,Nea,Brianna.Nea@yopmail.com,police officer
Claudina,Hessler,Claudina.Hessler@yopmail.com,developer
Jacquetta,Marsden,Jacquetta.Marsden@yopmail.com,worker
Dennie,Arquit,Dennie.Arquit@yopmail.com,doctor
Flory,Hilbert,Flory.Hilbert@yopmail.com,doctor
Bee,Lamoree,Bee.Lamoree@yopmail.com,firefighter
Diena,Shama,Diena.Shama@yopmail.com,police officer
Paule,Dom,Paule.Dom@yopmail.com,police officer
Demetris,Maryanne,Demetris.Maryanne@yopmail.com,doctor
Clo,O'Carroll,Clo.O'Carroll@yopmail.com,doctor
Helena,Nahum,Helena.Nahum@yopmail.com,police officer
Nikki,Niles,Nikki.Niles@yopmail.com,worker
Ann-Marie,Harriman,Ann-Marie.Harriman@yopmail.com,worker
Anthia,Ferrell,Anthia.Ferrell@yopmail.com,worker
Viki,Forrer,Viki.Forrer@yopmail.com,developer
Taffy,Iaverne,Taffy.Iaverne@yopmail.com,worker
Margarette,Lay,Margarette.Lay@yopmail.com,firefighter
Fanchon,Burch,Fanchon.Burch@yopmail.com,developer
Thalia,Kaja,Thalia.Kaja@yopmail.com,police officer
Marsiella,Gabrielli,Marsiella.Gabrielli@yopmail.com,police officer
Susan,Susannah,Susan.Susannah@yopmail.com,firefighter
Lusa,Loeb,Lusa.Loeb@yopmail.com,doctor
Sallie,Krystle,Sallie.Krystle@yopmail.com,firefighter
Paule,Carey,Paule.Carey@yopmail.com,developer
Kellen,Cleavland,Kellen.Cleavland@yopmail.com,firefighter
Sonni,Tound,Sonni.Tound@yopmail.com,doctor
Micheline,Melleta,Micheline.Melleta@yopmail.com,developer
Madelle,Old,Madelle.Old@yopmail.com,doctor
Viviene,Mendez,Viviene.Mendez@yopmail.com,police officer
Anallese,Eben,Anallese.Eben@yopmail.com,developer
Babita,Campball,Babita.Campball@yopmail.com,developer
Kellen,Lenny,Kellen.Lenny@yopmail.com,firefighter
Brynna,Geffner,Brynna.Geffner@yopmail.com,worker
Luci,Barbey,Luci.Barbey@yopmail.com,worker
Merrie,Yerkovich,Merrie.Yerkovich@yopmail.com,developer
Liana,Whiffen,Liana.Whiffen@yopmail.com,doctor
Kimberley,Papageno,Kimberley.Papageno@yopmail.com,firefighter
Ruthe,Peg,Ruthe.Peg@yopmail.com,police officer
Arlena,Anyah,Arlena.Anyah@yopmail.com,police officer
Jorry,Mitzi,Jorry.Mitzi@yopmail.com,developer
Reeba,Fairweather,Reeba.Fairweather@yopmail.com,developer
Sophia,Sheng,Sophia.Sheng@yopmail.com,firefighter
Kelly,Sancho,Kelly.Sancho@yopmail.com,police officer
Lonnie,Burch,Lonnie.Burch@yopmail.com,developer
Dorice,Chapland,Dorice.Chapland@yopmail.com,developer
Maridel,Greenwald,Maridel.Greenwald@yopmail.com,worker
Isa,Berard,Isa.Berard@yopmail.com,developer
Talya,Marijo,Talya.Marijo@yopmail.com,developer
Stacey,Leler,Stacey.Leler@yopmail.com,firefighter
Bobbi,Wilkinson,Bobbi.Wilkinson@yopmail.com,police officer
Tamqrah,Rudolph,Tamqrah.Rudolph@yopmail.com,doctor
Kenna,Junie,Kenna.Junie@yopmail.com,doctor
Mignon,Tacye,Mignon.Tacye@yopmail.com,doctor
Wynne,Blase,Wynne.Blase@yopmail.com,developer
Brandise,Emmy,Brandise.Emmy@yopmail.com,police officer
Glynnis,Goerke,Glynnis.Goerke@yopmail.com,firefighter
Grier,Gaynor,Grier.Gaynor@yopmail.com,police officer
Dorice,Mata,Dorice.Mata@yopmail.com,doctor
Tina,Teddman,Tina.Teddman@yopmail.com,doctor
Pierette,Marijo,Pierette.Marijo@yopmail.com,worker
Lauryn,Creamer,Lauryn.Creamer@yopmail.com,police officer
Pierette,Hull,Pierette.Hull@yopmail.com,doctor
Elie,Huggins,Elie.Huggins@yopmail.com,doctor
Genevra,Lindemann,Genevra.Lindemann@yopmail.com,police officer
Sarette,Viddah,Sarette.Viddah@yopmail.com,worker
Florencia,Lenny,Florencia.Lenny@yopmail.com,firefighter
Dania,Rad,Dania.Rad@yopmail.com,developer
Imojean,Dituri,Imojean.Dituri@yopmail.com,police officer
Mariele,Olin,Mariele.Olin@yopmail.com,developer
Hildegaard,Chem,Hildegaard.Chem@yopmail.com,police officer
Hannis,Fry,Hannis.Fry@yopmail.com,police officer
Letizia,Joli,Letizia.Joli@yopmail.com,firefighter
Taffy,Publia,Taffy.Publia@yopmail.com,doctor
Sidoney,Rustice,Sidoney.Rustice@yopmail.com,doctor
Joceline,Wadell,Joceline.Wadell@yopmail.com,developer
Dawn,Prober,Dawn.Prober@yopmail.com,firefighter
Regina,Parsaye,Regina.Parsaye@yopmail.com,developer
Belinda,Keelia,Belinda.Keelia@yopmail.com,firefighter
Sam,Kolnick,Sam.Kolnick@yopmail.com,firefighter
Mariann,Fulmer,Mariann.Fulmer@yopmail.com,police officer
Jillayne,O'Neill,Jillayne.O'Neill@yopmail.com,doctor
Jenda,Kylander,Jenda.Kylander@yopmail.com,worker
Karlee,August,Karlee.August@yopmail.com,firefighter
Rubie,Erlandson,Rubie.Erlandson@yopmail.com,police officer
Dania,Pattin,Dania.Pattin@yopmail.com,police officer
Dennie,Reneta,Dennie.Reneta@yopmail.com,developer
Rani,Maxi,Rani.Maxi@yopmail.com,worker
Verla,Paton,Verla.Paton@yopmail.com,police officer
Ardys,Anderea,Ardys.Anderea@yopmail.com,developer
Willetta,Vivle,Willetta.Vivle@yopmail.com,police officer
Sindee,Cookie,Sindee.Cookie@yopmail.com,firefighter
Ronna,Astra,Ronna.Astra@yopmail.com,worker
Kathi,Ochs,Kathi.Ochs@yopmail.com,police officer
Tobe,Dudley,Tobe.Dudley@yopmail.com,worker
Lolita,Sawtelle,Lolita.Sawtelle@yopmail.com,developer
Fanny,Erminia,Fanny.Erminia@yopmail.com,worker
Carolina,Silvan,Carolina.Silvan@yopmail.com,police officer
Aigneis,Linskey,Aigneis.Linskey@yopmail.com,developer
Nickie,Dulciana,Nickie.Dulciana@yopmail.com,worker
Nanete,Rebecka,Nanete.Rebecka@yopmail.com,developer
Stephanie,Kiersten,Stephanie.Kiersten@yopmail.com,firefighter
Teriann,Philipp,Teriann.Philipp@yopmail.com,doctor
Rori,Bach,Rori.Bach@yopmail.com,police officer
Chandra,Clywd,Chandra.Clywd@yopmail.com,doctor
Almeta,Bates,Almeta.Bates@yopmail.com,doctor
Calla,Rogerio,Calla.Rogerio@yopmail.com,developer
Ekaterina,Septima,Ekaterina.Septima@yopmail.com,doctor
Henriette,Hutchison,Henriette.Hutchison@yopmail.com,firefighter
Robbi,Morgun,Robbi.Morgun@yopmail.com,doctor
Alejandra,Pip,Alejandra.Pip@yopmail.com,doctor
Starla,Goldina,Starla.Goldina@yopmail.com,police officer
Brena,Wittie,Brena.Wittie@yopmail.com,police officer
Vevay,Ummersen,Vevay.Ummersen@yopmail.com,firefighter
Felice,Hertzfeld,Felice.Hertzfeld@yopmail.com,worker
Cacilie,Arathorn,Cacilie.Arathorn@yopmail.com,developer
Janis,Edvard,Janis.Edvard@yopmail.com,police officer
Abbie,Amethist,Abbie.Amethist@yopmail.com,developer
Merci,Ummersen,Merci.Ummersen@yopmail.com,developer
Larine,Tamar,Larine.Tamar@yopmail.com,police officer
Berta,Laverne,Berta.Laverne@yopmail.com,doctor
Merry,Chesna,Merry.Chesna@yopmail.com,firefighter
Lucille,Wandie,Lucille.Wandie@yopmail.com,police officer
Susan,Phaidra,Susan.Phaidra@yopmail.com,firefighter
Lanna,Emerson,Lanna.Emerson@yopmail.com,police officer
Suzette,Rodmann,Suzette.Rodmann@yopmail.com,developer
Aaren,Ochs,Aaren.Ochs@yopmail.com,worker
Larine,Bates,Larine.Bates@yopmail.com,police officer
Amelia,Yam,Amelia.Yam@yopmail.com,developer
Perry,Heidt,Perry.Heidt@yopmail.com,police officer
Tamqrah,Marlie,Tamqrah.Marlie@yopmail.com,firefighter
Roz,Diogenes,Roz.Diogenes@yopmail.com,doctor
Sherrie,Faso,Sherrie.Faso@yopmail.com,police officer
Maryellen,Boycey,Maryellen.Boycey@yopmail.com,developer
Viviene,Clara,Viviene.Clara@yopmail.com,worker
Vanessa,Annice,Vanessa.Annice@yopmail.com,worker
Lynnea,Stacy,Lynnea.Stacy@yopmail.com,worker
Maye,Clywd,Maye.Clywd@yopmail.com,doctor
Caritta,Gert,Caritta.Gert@yopmail.com,police officer
Tonia,Lewes,Tonia.Lewes@yopmail.com,developer
Bill,Bord,Bill.Bord@yopmail.com,worker
Berget,Maples,Berget.Maples@yopmail.com,firefighter
Lynde,Noam,Lynde.Noam@yopmail.com,doctor
Courtnay,Edison,Courtnay.Edison@yopmail.com,firefighter
Marsiella,Klemperer,Marsiella.Klemperer@yopmail.com,police officer
Jan,Morrill,Jan.Morrill@yopmail.com,worker
Lorenza,Iaverne,Lorenza.Iaverne@yopmail.com,police officer
Letizia,Casimir,Letizia.Casimir@yopmail.com,doctor
Chrystel,Bettine,Chrystel.Bettine@yopmail.com,doctor
Alyda,Huggins,Alyda.Huggins@yopmail.com,worker
Philis,Weitman,Philis.Weitman@yopmail.com,worker
Renie,Byrne,Renie.Byrne@yopmail.com,developer
Frances,Jenness,Frances.Jenness@yopmail.com,doctor
Latisha,Lumbard,Latisha.Lumbard@yopmail.com,police officer
Vanessa,Edee,Vanessa.Edee@yopmail.com,firefighter
Cathyleen,MacIntosh,Cathyleen.MacIntosh@yopmail.com,developer
Babita,Cleavland,Babita.Cleavland@yopmail.com,police officer
Leanna,Neils,Leanna.Neils@yopmail.com,developer
Melisent,Garbe,Melisent.Garbe@yopmail.com,police officer
Gilligan,Clarissa,Gilligan.Clarissa@yopmail.com,firefighter
Marguerite,Swigart,Marguerite.Swigart@yopmail.com,firefighter
Shirlee,Irmine,Shirlee.Irmine@yopmail.com,doctor
Marcy,Cornelia,Marcy.Cornelia@yopmail.com,worker
Dari,Mitzi,Dari.Mitzi@yopmail.com,firefighter
Gianina,Leary,Gianina.Leary@yopmail.com,developer
Lenna,Lail,Lenna.Lail@yopmail.com,worker
Carmela,Tacye,Carmela.Tacye@yopmail.com,police officer
Annice,Destinee,Annice.Destinee@yopmail.com,doctor
Nariko,Valerio,Nariko.Valerio@yopmail.com,developer
Dulcinea,Masao,Dulcinea.Masao@yopmail.com,doctor
Nollie,Tacye,Nollie.Tacye@yopmail.com,doctor
Karlee,Adamsen,Karlee.Adamsen@yopmail.com,developer
Miquela,Martguerita,Miquela.Martguerita@yopmail.com,developer
Claresta,Oscar,Claresta.Oscar@yopmail.com,firefighter
Bobinette,Elvyn,Bobinette.Elvyn@yopmail.com,developer
Althea,Mozelle,Althea.Mozelle@yopmail.com,worker
Tobe,Ciro,Tobe.Ciro@yopmail.com,firefighter
Donnie,Sancho,Donnie.Sancho@yopmail.com,firefighter
Elfreda,Tillford,Elfreda.Tillford@yopmail.com,doctor
Bernardine,Cullin,Bernardine.Cullin@yopmail.com,worker
Tybie,Primalia,Tybie.Primalia@yopmail.com,police officer
Pollyanna,Bobbee,Pollyanna.Bobbee@yopmail.com,developer
Mady,Ursulette,Mady.Ursulette@yopmail.com,worker
Rochette,Diogenes,Rochette.Diogenes@yopmail.com,developer
Brooks,Decato,Brooks.Decato@yopmail.com,developer
Lusa,Kiyoshi,Lusa.Kiyoshi@yopmail.com,developer
Doralynne,Odysseus,Doralynne.Odysseus@yopmail.com,worker
Evaleen,Zrike,Evaleen.Zrike@yopmail.com,police officer
Carolina,Bates,Carolina.Bates@yopmail.com,police officer
Florencia,Jena,Florencia.Jena@yopmail.com,developer
Oralee,Gombach,Oralee.Gombach@yopmail.com,doctor
Lynnea,Vary,Lynnea.Vary@yopmail.com,developer
Alyda,Fiann,Alyda.Fiann@yopmail.com,doctor
Clementine,Decato,Clementine.Decato@yopmail.com,worker
Estell,Cimbura,Estell.Cimbura@yopmail.com,doctor
Daryl,Durante,Daryl.Durante@yopmail.com,developer
Livvyy,Wyn,Livvyy.Wyn@yopmail.com,firefighter
Ellette,Othilia,Ellette.Othilia@yopmail.com,worker
Peri,Hilbert,Peri.Hilbert@yopmail.com,firefighter
Bee,Braun,Bee.Braun@yopmail.com,worker
Cherrita,Kylander,Cherrita.Kylander@yopmail.com,doctor
Ezmeralda,Marden,Ezmeralda.Marden@yopmail.com,worker
Meghann,Deegan,Meghann.Deegan@yopmail.com,developer
Gui,Cosenza,Gui.Cosenza@yopmail.com,firefighter
Esmeralda,Aaberg,Esmeralda.Aaberg@yopmail.com,developer
Emmey,Crudden,Emmey.Crudden@yopmail.com,doctor
Odessa,Jarib,Odessa.Jarib@yopmail.com,doctor
Margarette,Stilwell,Margarette.Stilwell@yopmail.com,firefighter
Alyssa,Montgomery,Alyssa.Montgomery@yopmail.com,worker
Elyssa,Azeria,Elyssa.Azeria@yopmail.com,doctor
Tonia,Lewes,Tonia.Lewes@yopmail.com,police officer
Aaren,Faria,Aaren.Faria@yopmail.com,developer
Keelia,Friede,Keelia.Friede@yopmail.com,firefighter
Brianna,Auberbach,Brianna.Auberbach@yopmail.com,worker
Caritta,Reneta,Caritta.Reneta@yopmail.com,doctor
Maryellen,Kelula,Maryellen.Kelula@yopmail.com,doctor
Nadine,Kalinda,Nadine.Kalinda@yopmail.com,developer
Ira,Clie,Ira.Clie@yopmail.com,police officer
Abbie,Rillings,Abbie.Rillings@yopmail.com,police officer
Mallory,Braun,Mallory.Braun@yopmail.com,worker
Mahalia,Duwalt,Mahalia.Duwalt@yopmail.com,police officer
Madeleine,Schalles,Madeleine.Schalles@yopmail.com,worker
Joelly,Poll,Joelly.Poll@yopmail.com,worker
Beverley,Nore,Beverley.Nore@yopmail.com,police officer
Viviene,Claudine,Viviene.Claudine@yopmail.com,worker
Marylou,Torray,Marylou.Torray@yopmail.com,developer
Adele,Ardra,Adele.Ardra@yopmail.com,police officer
Mamie,Regan,Mamie.Regan@yopmail.com,worker
Drucie,Gaynor,Drucie.Gaynor@yopmail.com,doctor
Fina,Clywd,Fina.Clywd@yopmail.com,doctor
Danika,Poppy,Danika.Poppy@yopmail.com,worker
Lita,Jaylene,Lita.Jaylene@yopmail.com,doctor
Dotty,Cath,Dotty.Cath@yopmail.com,developer
Minda,Vernier,Minda.Vernier@yopmail.com,firefighter
Sibella,Gordon,Sibella.Gordon@yopmail.com,police officer
Nita,Edee,Nita.Edee@yopmail.com,doctor
Merry,McGrody,Merry.McGrody@yopmail.com,firefighter
Feliza,Carleen,Feliza.Carleen@yopmail.com,worker
Celestyna,Cutlerr,Celestyna.Cutlerr@yopmail.com,worker
Kristina,Read,Kristina.Read@yopmail.com,firefighter
Kaja,Buffum,Kaja.Buffum@yopmail.com,worker
Liana,Mallon,Liana.Mallon@yopmail.com,police officer
Merry,Lareena,Merry.Lareena@yopmail.com,doctor
Vinita,Anton,Vinita.Anton@yopmail.com,doctor
Basia,Jorgan,Basia.Jorgan@yopmail.com,police officer
Gisela,Giff,Gisela.Giff@yopmail.com,developer
Ilse,Engdahl,Ilse.Engdahl@yopmail.com,police officer
Henriette,Cordi,Henriette.Cordi@yopmail.com,developer
Dode,Hedve,Dode.Hedve@yopmail.com,developer
Lita,Rurik,Lita.Rurik@yopmail.com,developer
Rori,Rudolph,Rori.Rudolph@yopmail.com,firefighter
Tami,Callista,Tami.Callista@yopmail.com,firefighter
Brena,Bevin,Brena.Bevin@yopmail.com,developer
Mellicent,Uund,Mellicent.Uund@yopmail.com,worker
Gavrielle,Santoro,Gavrielle.Santoro@yopmail.com,doctor
Claudina,Noelyn,Claudina.Noelyn@yopmail.com,developer
Almeta,Adalbert,Almeta.Adalbert@yopmail.com,police officer
Alia,Raama,Alia.Raama@yopmail.com,firefighter
Annabela,Garek,Annabela.Garek@yopmail.com,worker
Imojean,Irmine,Imojean.Irmine@yopmail.com,firefighter
Cathyleen,Mozelle,Cathyleen.Mozelle@yopmail.com,firefighter
Kelly,Modie,Kelly.Modie@yopmail.com,doctor
Maridel,Raul,Maridel.Raul@yopmail.com,firefighter
Candy,Modie,Candy.Modie@yopmail.com,doctor
Chloris,Gamaliel,Chloris.Gamaliel@yopmail.com,firefighter
Ada,Linehan,Ada.Linehan@yopmail.com,developer
Hettie,Bord,Hettie.Bord@yopmail.com,firefighter
Dorthy,Donoghue,Dorthy.Donoghue@yopmail.com,worker
Sandie,Publia,Sandie.Publia@yopmail.com,doctor
Tiffie,Ezar,Tiffie.Ezar@yopmail.com,firefighter
Caryl,Rooney,Caryl.Rooney@yopmail.com,worker
Madeleine,Fink,Madeleine.Fink@yopmail.com,police officer
Noelle,Flita,Noelle.Flita@yopmail.com,worker
Gloria,Adlare,Gloria.Adlare@yopmail.com,police officer
Nessie,Kristi,Nessie.Kristi@yopmail.com,doctor
Gisela,Leopold,Gisela.Leopold@yopmail.com,worker
Amii,Lane,Amii.Lane@yopmail.com,police officer
Winny,Ariella,Winny.Ariella@yopmail.com,worker
Adriana,Toni,Adriana.Toni@yopmail.com,firefighter
Fred,Ellerey,Fred.Ellerey@yopmail.com,firefighter
Jasmina,Reinke,Jasmina.Reinke@yopmail.com,firefighter
Allyce,Herrera,Allyce.Herrera@yopmail.com,firefighter
Emmey,Ursulette,Emmey.Ursulette@yopmail.com,worker
Carilyn,Timon,Carilyn.Timon@yopmail.com,firefighter
Lanna,Niles,Lanna.Niles@yopmail.com,firefighter
Ernesta,Destinee,Ernesta.Destinee@yopmail.com,police officer
Caryl,Lewes,Caryl.Lewes@yopmail.com,police officer
Nollie,Vorster,Nollie.Vorster@yopmail.com,police officer
Jillayne,Auberbach,Jillayne.Auberbach@yopmail.com,firefighter
Lynnea,Kenwood,Lynnea.Kenwood@yopmail.com,developer
Darlleen,Hartnett,Darlleen.Hartnett@yopmail.com,developer
Eve,Ries,Eve.Ries@yopmail.com,firefighter
Donnie,Gwenore,Donnie.Gwenore@yopmail.com,police officer
Andree,Flyn,Andree.Flyn@yopmail.com,police officer
Karena,Kendrick,Karena.Kendrick@yopmail.com,developer
Angelique,Neva,Angelique.Neva@yopmail.com,police officer
Rani,Syd,Rani.Syd@yopmail.com,doctor
Jordan,Hepsibah,Jordan.Hepsibah@yopmail.com,developer
Devina,Birdella,Devina.Birdella@yopmail.com,firefighter
Valli,McGrody,Valli.McGrody@yopmail.com,police officer
Gui,Holtz,Gui.Holtz@yopmail.com,police officer
Ginnie,Thornburg,Ginnie.Thornburg@yopmail.com,doctor
Glynnis,Delila,Glynnis.Delila@yopmail.com,police officer
Rani,Randene,Rani.Randene@yopmail.com,worker
Margarette,Old,Margarette.Old@yopmail.com,worker
Elfreda,Breed,Elfreda.Breed@yopmail.com,doctor
Estell,Behre,Estell.Behre@yopmail.com,firefighter
Dulcinea,Dielu,Dulcinea.Dielu@yopmail.com,firefighter
Marguerite,Rosalba,Marguerite.Rosalba@yopmail.com,doctor
Lory,Stover,Lory.Stover@yopmail.com,firefighter
Merle,Nikaniki,Merle.Nikaniki@yopmail.com,firefighter
Cristine,Jaylene,Cristine.Jaylene@yopmail.com,doctor
Lory,Ashely,Lory.Ashely@yopmail.com,police officer
Valera,Olin,Valera.Olin@yopmail.com,doctor
Fidelia,Markman,Fidelia.Markman@yopmail.com,worker
Alexine,Nelsen,Alexine.Nelsen@yopmail.com,worker
Jan,Santoro,Jan.Santoro@yopmail.com,firefighter
Sarette,Terencio,Sarette.Terencio@yopmail.com,doctor
Sadie,Lissi,Sadie.Lissi@yopmail.com,doctor
Dode,Zachary,Dode.Zachary@yopmail.com,developer
Kamilah,Vharat,Kamilah.Vharat@yopmail.com,doctor
Codie,Edvard,Codie.Edvard@yopmail.com,worker
Paola,Kalinda,Paola.Kalinda@yopmail.com,worker
Modestia,Serilda,Modestia.Serilda@yopmail.com,doctor
Eve,Grosz,Eve.Grosz@yopmail.com,firefighter
Aurore,Allys,Aurore.Allys@yopmail.com,police officer
Charlena,Kathie,Charlena.Kathie@yopmail.com,developer
Tonia,Doig,Tonia.Doig@yopmail.com,developer
Sean,Casimir,Sean.Casimir@yopmail.com,firefighter
Bobinette,Beebe,Bobinette.Beebe@yopmail.com,developer
Heida,Munn,Heida.Munn@yopmail.com,doctor
Celene,Ricarda,Celene.Ricarda@yopmail.com,developer
Joeann,Zaslow,Joeann.Zaslow@yopmail.com,police officer
Jackie,Ambrosia,Jackie.Ambrosia@yopmail.com,firefighter
Donnie,Naashom,Donnie.Naashom@yopmail.com,developer
Kirstin,Wareing,Kirstin.Wareing@yopmail.com,doctor
Starla,Haymes,Starla.Haymes@yopmail.com,doctor
Daune,Matthew,Daune.Matthew@yopmail.com,firefighter
Tatiania,Amasa,Tatiania.Amasa@yopmail.com,developer
Gerianna,Aaberg,Gerianna.Aaberg@yopmail.com,police officer
Correy,Cohdwell,Correy.Cohdwell@yopmail.com,police officer
Gerianna,Rese,Gerianna.Rese@yopmail.com,worker
Kathy,Brian,Kathy.Brian@yopmail.com,police officer
Yetty,Gualtiero,Yetty.Gualtiero@yopmail.com,developer
Luci,Gaulin,Luci.Gaulin@yopmail.com,firefighter
Barbara,Meli,Barbara.Meli@yopmail.com,firefighter
Kerrin,Wenda,Kerrin.Wenda@yopmail.com,firefighter
Agathe,Othilia,Agathe.Othilia@yopmail.com,firefighter
Charlena,Middleton,Charlena.Middleton@yopmail.com,police officer
Nananne,Christine,Nananne.Christine@yopmail.com,police officer
Merry,Noam,Merry.Noam@yopmail.com,worker
Anthia,Jorgan,Anthia.Jorgan@yopmail.com,doctor
Kellen,Land,Kellen.Land@yopmail.com,worker
Felice,Judye,Felice.Judye@yopmail.com,worker
Merle,Lory,Merle.Lory@yopmail.com,doctor
Dianemarie,Verger,Dianemarie.Verger@yopmail.com,developer
Leontine,Libna,Leontine.Libna@yopmail.com,doctor
Fina,Jenness,Fina.Jenness@yopmail.com,police officer
Bertine,Bettine,Bertine.Bettine@yopmail.com,developer
Diena,Maribeth,Diena.Maribeth@yopmail.com,worker
Lusa,Schlosser,Lusa.Schlosser@yopmail.com,doctor
Regina,Chabot,Regina.Chabot@yopmail.com,police officer
Leeanne,Waldron,Leeanne.Waldron@yopmail.com,firefighter
Nariko,Edmund,Nariko.Edmund@yopmail.com,police officer
Selia,Romelda,Selia.Romelda@yopmail.com,developer
Marita,Socha,Marita.Socha@yopmail.com,doctor
Siana,Edison,Siana.Edison@yopmail.com,doctor
Lizzie,Frendel,Lizzie.Frendel@yopmail.com,doctor
Basia,Si,Basia.Si@yopmail.com,developer
Giustina,O'Carroll,Giustina.O'Carroll@yopmail.com,firefighter
Sam,Moina,Sam.Moina@yopmail.com,firefighter
Ketti,Sothena,Ketti.Sothena@yopmail.com,police officer
Angela,Thunell,Angela.Thunell@yopmail.com,developer
Sean,Henrie,Sean.Henrie@yopmail.com,developer
Celestyna,Hebner,Celestyna.Hebner@yopmail.com,police officer
Fidelia,Manolo,Fidelia.Manolo@yopmail.com,doctor
Kassey,Winthorpe,Kassey.Winthorpe@yopmail.com,firefighter
Carmela,Lalitta,Carmela.Lalitta@yopmail.com,developer
Catharine,Harriman,Catharine.Harriman@yopmail.com,firefighter
Peri,Wattenberg,Peri.Wattenberg@yopmail.com,police officer
Jan,Roarke,Jan.Roarke@yopmail.com,worker
Lolita,Fulmer,Lolita.Fulmer@yopmail.com,developer
Marika,Flita,Marika.Flita@yopmail.com,doctor
Aeriela,Kannry,Aeriela.Kannry@yopmail.com,developer
Kaja,Leopold,Kaja.Leopold@yopmail.com,worker
Concettina,Granoff,Concettina.Granoff@yopmail.com,police officer
Cecile,Maisey,Cecile.Maisey@yopmail.com,police officer
Max,Chabot,Max.Chabot@yopmail.com,worker
Charissa,Cleavland,Charissa.Cleavland@yopmail.com,developer
Hettie,Zaslow,Hettie.Zaslow@yopmail.com,worker
Sara-Ann,Sophronia,Sara-Ann.Sophronia@yopmail.com,firefighter
Benita,Clarissa,Benita.Clarissa@yopmail.com,police officer
Harmonia,Havens,Harmonia.Havens@yopmail.com,doctor
Juliane,Chem,Juliane.Chem@yopmail.com,worker
Sybille,Loring,Sybille.Loring@yopmail.com,worker
Regina,Anselmi,Regina.Anselmi@yopmail.com,developer
Kial,Marlie,Kial.Marlie@yopmail.com,developer
Giustina,Fadiman,Giustina.Fadiman@yopmail.com,developer
Frances,Mathilde,Frances.Mathilde@yopmail.com,developer
Carlie,Dichy,Carlie.Dichy@yopmail.com,doctor
Emmey,Narton,Emmey.Narton@yopmail.com,worker
Asia,Bates,Asia.Bates@yopmail.com,police officer
Corina,Atcliffe,Corina.Atcliffe@yopmail.com,developer
Wanda,Virgin,Wanda.Virgin@yopmail.com,firefighter
Corene,Ochs,Corene.Ochs@yopmail.com,developer
Stevana,My,Stevana.My@yopmail.com,developer
Candi,Publia,Candi.Publia@yopmail.com,developer
Marcy,Joli,Marcy.Joli@yopmail.com,doctor
Janis,Pernick,Janis.Pernick@yopmail.com,doctor
Concettina,Aida,Concettina.Aida@yopmail.com,firefighter
Sashenka,Dulciana,Sashenka.Dulciana@yopmail.com,firefighter
Fidelia,Primalia,Fidelia.Primalia@yopmail.com,doctor
Fayre,Holbrook,Fayre.Holbrook@yopmail.com,doctor
Iseabal,Boycey,Iseabal.Boycey@yopmail.com,police officer
Dagmar,Cloris,Dagmar.Cloris@yopmail.com,doctor
Marjie,Dudley,Marjie.Dudley@yopmail.com,developer
Dacia,Forrer,Dacia.Forrer@yopmail.com,police officer
Sharlene,Jehu,Sharlene.Jehu@yopmail.com,developer
Farrah,Erlandson,Farrah.Erlandson@yopmail.com,doctor
Kathi,Randene,Kathi.Randene@yopmail.com,firefighter
Marcelline,Myrilla,Marcelline.Myrilla@yopmail.com,doctor
Rosaline,Radu,Rosaline.Radu@yopmail.com,police officer
Vinita,Cosenza,Vinita.Cosenza@yopmail.com,police officer
Maridel,Abernon,Maridel.Abernon@yopmail.com,doctor
Cathyleen,Nester,Cathyleen.Nester@yopmail.com,worker
Mara,Fennessy,Mara.Fennessy@yopmail.com,firefighter
Roberta,Clarissa,Roberta.Clarissa@yopmail.com,police officer
Ashlee,Curren,Ashlee.Curren@yopmail.com,worker
Caressa,MacIntosh,Caressa.MacIntosh@yopmail.com,doctor
Keelia,Stoller,Keelia.Stoller@yopmail.com,police officer
Gale,Bartlett,Gale.Bartlett@yopmail.com,developer
Randa,Woodberry,Randa.Woodberry@yopmail.com,doctor
Alex,Bronk,Alex.Bronk@yopmail.com,police officer
Asia,Winthorpe,Asia.Winthorpe@yopmail.com,firefighter
Anestassia,Kronfeld,Anestassia.Kronfeld@yopmail.com,developer
Ginnie,Drus,Ginnie.Drus@yopmail.com,doctor
Katuscha,Olnee,Katuscha.Olnee@yopmail.com,firefighter
Kial,Kimmie,Kial.Kimmie@yopmail.com,firefighter
Caritta,Leifeste,Caritta.Leifeste@yopmail.com,developer
Ninnetta,Sacken,Ninnetta.Sacken@yopmail.com,doctor
Anallese,Euridice,Anallese.Euridice@yopmail.com,firefighter
Alex,Pulsifer,Alex.Pulsifer@yopmail.com,doctor
Rosaline,Ovid,Rosaline.Ovid@yopmail.com,police officer
Kassey,Tice,Kassey.Tice@yopmail.com,police officer
Nickie,Yoko,Nickie.Yoko@yopmail.com,police officer
Tarra,Telfer,Tarra.Telfer@yopmail.com,police officer
Theodora,Baylor,Theodora.Baylor@yopmail.com,developer
Cathyleen,Hessler,Cathyleen.Hessler@yopmail.com,doctor
Leia,Bergman,Leia.Bergman@yopmail.com,worker
Lulita,Baptlsta,Lulita.Baptlsta@yopmail.com,worker
Merle,Jena,Merle.Jena@yopmail.com,worker
Hyacinthe,Byrne,Hyacinthe.Byrne@yopmail.com,developer
Roslyn,Rurik,Roslyn.Rurik@yopmail.com,firefighter
Annecorinne,Helve,Annecorinne.Helve@yopmail.com,developer
Kenna,Primalia,Kenna.Primalia@yopmail.com,police officer
Cindelyn,Atcliffe,Cindelyn.Atcliffe@yopmail.com,developer
Harmonia,Rosalba,Harmonia.Rosalba@yopmail.com,worker
Gusty,Christal,Gusty.Christal@yopmail.com,developer
Selia,Berriman,Selia.Berriman@yopmail.com,doctor
Lory,Laverne,Lory.Laverne@yopmail.com,developer
Stevana,Uird,Stevana.Uird@yopmail.com,worker
Gianina,Levey,Gianina.Levey@yopmail.com,worker
Kimmy,Cohdwell,Kimmy.Cohdwell@yopmail.com,police officer
Kathy,Hartnett,Kathy.Hartnett@yopmail.com,worker
Flo,Kellby,Flo.Kellby@yopmail.com,firefighter
Cyb,Wadell,Cyb.Wadell@yopmail.com,police officer
Alie,Publia,Alie.Publia@yopmail.com,firefighter
Madelle,Gemini,Madelle.Gemini@yopmail.com,developer
Max,Mehalek,Max.Mehalek@yopmail.com,worker
Modestia,Skell,Modestia.Skell@yopmail.com,worker
Chickie,Muriel,Chickie.Muriel@yopmail.com,worker
Asia,Barbey,Asia.Barbey@yopmail.com,doctor
Hope,Jena,Hope.Jena@yopmail.com,police officer
Shandie,Teryn,Shandie.Teryn@yopmail.com,firefighter
Tilly,Eldrid,Tilly.Eldrid@yopmail.com,firefighter
Dari,Trey,Dari.Trey@yopmail.com,firefighter
Lindie,Stoller,Lindie.Stoller@yopmail.com,developer
Karena,Leonard,Karena.Leonard@yopmail.com,police officer
Dominga,Cloris,Dominga.Cloris@yopmail.com,developer
Ezmeralda,Rozanna,Ezmeralda.Rozanna@yopmail.com,doctor
Sallie,Vary,Sallie.Vary@yopmail.com,firefighter
Marcelline,Alfons,Marcelline.Alfons@yopmail.com,worker
Carlie,Persse,Carlie.Persse@yopmail.com,police officer
Helsa,Rurik,Helsa.Rurik@yopmail.com,police officer
Flo,Mike,Flo.Mike@yopmail.com,doctor
Ardenia,Pierette,Ardenia.Pierette@yopmail.com,developer
Konstance,Olnee,Konstance.Olnee@yopmail.com,developer
Brianna,Ax,Brianna.Ax@yopmail.com,police officer
Merrie,Freddi,Merrie.Freddi@yopmail.com,police officer
Marjie,Gibbeon,Marjie.Gibbeon@yopmail.com,doctor
Maryellen,Stephie,Maryellen.Stephie@yopmail.com,police officer
Lesly,Hilbert,Lesly.Hilbert@yopmail.com,developer
Gerianna,Ries,Gerianna.Ries@yopmail.com,developer
Ursulina,Bennie,Ursulina.Bennie@yopmail.com,doctor
Coral,Cristi,Coral.Cristi@yopmail.com,doctor
Mallory,Koehler,Mallory.Koehler@yopmail.com,firefighter
Jacenta,Melan,Jacenta.Melan@yopmail.com,firefighter
Zaria,Bonilla,Zaria.Bonilla@yopmail.com,police officer
Gabriellia,Ortrude,Gabriellia.Ortrude@yopmail.com,police officer
Paulita,Angelis,Paulita.Angelis@yopmail.com,firefighter
Merle,Angelis,Merle.Angelis@yopmail.com,doctor
Marika,Pandolfi,Marika.Pandolfi@yopmail.com,developer
Randa,Regan,Randa.Regan@yopmail.com,developer
Aigneis,Selway,Aigneis.Selway@yopmail.com,police officer
Eugine,Iphlgenia,Eugine.Iphlgenia@yopmail.com,police officer
Angelique,Pettiford,Angelique.Pettiford@yopmail.com,firefighter
Tori,Fiann,Tori.Fiann@yopmail.com,police officer
Ariela,Bury,Ariela.Bury@yopmail.com,worker
Genovera,Jorgan,Genovera.Jorgan@yopmail.com,police officer
Lanae,Hanshaw,Lanae.Hanshaw@yopmail.com,doctor
Alyda,Velick,Alyda.Velick@yopmail.com,firefighter
Zia,Tryck,Zia.Tryck@yopmail.com,developer
Augustine,Horan,Augustine.Horan@yopmail.com,doctor
Linzy,Richers,Linzy.Richers@yopmail.com,worker
Helena,Tayib,Helena.Tayib@yopmail.com,worker
Gavrielle,Adore,Gavrielle.Adore@yopmail.com,police officer
Melisent,Goth,Melisent.Goth@yopmail.com,worker
Codie,Burkle,Codie.Burkle@yopmail.com,firefighter
Genovera,Ezar,Genovera.Ezar@yopmail.com,developer
Tabbatha,Sharl,Tabbatha.Sharl@yopmail.com,worker
Nyssa,Lilas,Nyssa.Lilas@yopmail.com,firefighter
Gilda,Ajay,Gilda.Ajay@yopmail.com,developer
Dorice,Paine,Dorice.Paine@yopmail.com,developer
Rhoda,Schonfeld,Rhoda.Schonfeld@yopmail.com,worker
Bernie,An,Bernie.An@yopmail.com,worker
Phedra,Lane,Phedra.Lane@yopmail.com,worker
Binny,Xerxes,Binny.Xerxes@yopmail.com,doctor
Shaine,Sabella,Shaine.Sabella@yopmail.com,worker
Keelia,Delila,Keelia.Delila@yopmail.com,worker
Dacia,Ellerey,Dacia.Ellerey@yopmail.com,worker
Aubrie,Palocz,Aubrie.Palocz@yopmail.com,worker
Alia,Corilla,Alia.Corilla@yopmail.com,doctor
Renie,Roche,Renie.Roche@yopmail.com,doctor
Kerrin,Hilbert,Kerrin.Hilbert@yopmail.com,developer
Cristine,Jeanne,Cristine.Jeanne@yopmail.com,worker
Brandise,Irmine,Brandise.Irmine@yopmail.com,firefighter
Harrietta,Loring,Harrietta.Loring@yopmail.com,developer
Lilith,Frendel,Lilith.Frendel@yopmail.com,police officer
Collen,Loring,Collen.Loring@yopmail.com,developer
Judy,Rocray,Judy.Rocray@yopmail.com,firefighter
Emylee,Trinetta,Emylee.Trinetta@yopmail.com,police officer
Romona,Dearborn,Romona.Dearborn@yopmail.com,firefighter
Kelly,Hathaway,Kelly.Hathaway@yopmail.com,developer
Carilyn,Kress,Carilyn.Kress@yopmail.com,police officer
Georgetta,Sacken,Georgetta.Sacken@yopmail.com,worker
Rivalee,Dosia,Rivalee.Dosia@yopmail.com,developer
Reeba,Engdahl,Reeba.Engdahl@yopmail.com,doctor
Emilia,Damarra,Emilia.Damarra@yopmail.com,worker
Dulcinea,Monaco,Dulcinea.Monaco@yopmail.com,firefighter
Lacie,Skell,Lacie.Skell@yopmail.com,developer
Josephine,Ralfston,Josephine.Ralfston@yopmail.com,doctor
Nita,Emanuel,Nita.Emanuel@yopmail.com,doctor
Coral,Tippets,Coral.Tippets@yopmail.com,doctor
Jinny,Kirstin,Jinny.Kirstin@yopmail.com,developer
Lolita,Urania,Lolita.Urania@yopmail.com,police officer
Selia,Hieronymus,Selia.Hieronymus@yopmail.com,firefighter
Kathi,Gaspard,Kathi.Gaspard@yopmail.com,doctor
Cecile,Tufts,Cecile.Tufts@yopmail.com,developer
Dione,Carbo,Dione.Carbo@yopmail.com,worker
Calla,Peonir,Calla.Peonir@yopmail.com,worker
Chrystel,Oscar,Chrystel.Oscar@yopmail.com,worker
Chloris,Nelsen,Chloris.Nelsen@yopmail.com,worker
Lucy,Mayeda,Lucy.Mayeda@yopmail.com,firefighter
Caressa,Fillbert,Caressa.Fillbert@yopmail.com,police officer
Cassondra,Sikorski,Cassondra.Sikorski@yopmail.com,police officer
Michaelina,Pip,Michaelina.Pip@yopmail.com,worker
Annora,Burkle,Annora.Burkle@yopmail.com,worker
Jobi,An,Jobi.An@yopmail.com,worker
Luci,Hoenack,Luci.Hoenack@yopmail.com,firefighter
Tersina,Gaspard,Tersina.Gaspard@yopmail.com,firefighter
Augustine,Lasley,Augustine.Lasley@yopmail.com,firefighter
Sashenka,Vale,Sashenka.Vale@yopmail.com,worker
Meghann,Hepsibah,Meghann.Hepsibah@yopmail.com,firefighter
Mellicent,Leopold,Mellicent.Leopold@yopmail.com,developer
Merle,Nore,Merle.Nore@yopmail.com,doctor
Maye,Bivins,Maye.Bivins@yopmail.com,police officer
Sharlene,Khorma,Sharlene.Khorma@yopmail.com,police officer
Jessy,Jacobah,Jessy.Jacobah@yopmail.com,worker
Bill,Wallis,Bill.Wallis@yopmail.com,firefighter
Andeee,Maples,Andeee.Maples@yopmail.com,developer
Jany,Thar,Jany.Thar@yopmail.com,doctor
Max,Matthew,Max.Matthew@yopmail.com,firefighter
Carmela,Daniele,Carmela.Daniele@yopmail.com,doctor
Natka,Chesna,Natka.Chesna@yopmail.com,developer
Edee,Mitzi,Edee.Mitzi@yopmail.com,developer
Therine,Monaco,Therine.Monaco@yopmail.com,doctor
Rochette,Cassius,Rochette.Cassius@yopmail.com,developer
Collen,Nisbet,Collen.Nisbet@yopmail.com,doctor
Candi,Himelman,Candi.Himelman@yopmail.com,firefighter
Maryellen,Hunfredo,Maryellen.Hunfredo@yopmail.com,firefighter
Leeanne,Orpah,Leeanne.Orpah@yopmail.com,worker
Misha,Barrus,Misha.Barrus@yopmail.com,developer
Carmencita,Huggins,Carmencita.Huggins@yopmail.com,doctor
Loree,Kathie,Loree.Kathie@yopmail.com,developer
Wilma,Matthew,Wilma.Matthew@yopmail.com,firefighter
Kenna,Bryna,Kenna.Bryna@yopmail.com,police officer
Tilly,Autrey,Tilly.Autrey@yopmail.com,firefighter
Jobi,Helfand,Jobi.Helfand@yopmail.com,developer
Sissy,Dash,Sissy.Dash@yopmail.com,firefighter
Edyth,Croix,Edyth.Croix@yopmail.com,doctor
Brianna,Bahr,Brianna.Bahr@yopmail.com,firefighter
Addia,Vharat,Addia.Vharat@yopmail.com,developer
Maurene,Olnee,Maurene.Olnee@yopmail.com,firefighter
Anthia,Hoenack,Anthia.Hoenack@yopmail.com,developer
Berta,Tarrant,Berta.Tarrant@yopmail.com,doctor
Leontine,Corabella,Leontine.Corabella@yopmail.com,firefighter
Christian,Chapland,Christian.Chapland@yopmail.com,developer
Concettina,Johnsson,Concettina.Johnsson@yopmail.com,firefighter
Judy,Marden,Judy.Marden@yopmail.com,developer
Katharina,Travax,Katharina.Travax@yopmail.com,developer
Lacie,Pacorro,Lacie.Pacorro@yopmail.com,firefighter
Chrystel,Loring,Chrystel.Loring@yopmail.com,doctor
Cyb,Madox,Cyb.Madox@yopmail.com,developer
Ricky,Tiffa,Ricky.Tiffa@yopmail.com,developer
Suzette,Jess,Suzette.Jess@yopmail.com,police officer
Starla,Auberbach,Starla.Auberbach@yopmail.com,police officer
Riannon,Chrystel,Riannon.Chrystel@yopmail.com,developer
Berget,Duwalt,Berget.Duwalt@yopmail.com,developer
Gerianna,Ries,Gerianna.Ries@yopmail.com,worker
Eve,Sothena,Eve.Sothena@yopmail.com,police officer
Jemie,Blisse,Jemie.Blisse@yopmail.com,developer
Imojean,Estella,Imojean.Estella@yopmail.com,developer
Adore,Soneson,Adore.Soneson@yopmail.com,developer
Celestyna,Maurine,Celestyna.Maurine@yopmail.com,police officer
Inga,Adlare,Inga.Adlare@yopmail.com,police officer
Sonni,Couture,Sonni.Couture@yopmail.com,doctor
Tera,Ashok,Tera.Ashok@yopmail.com,developer
Orsola,Herrera,Orsola.Herrera@yopmail.com,firefighter
Tina,Hedve,Tina.Hedve@yopmail.com,firefighter
Edith,O'Rourke,Edith.O'Rourke@yopmail.com,doctor
Teddie,Olympium,Teddie.Olympium@yopmail.com,police officer
Deane,Fulmer,Deane.Fulmer@yopmail.com,firefighter
Amelia,Gilmour,Amelia.Gilmour@yopmail.com,doctor
Hayley,Gahl,Hayley.Gahl@yopmail.com,doctor
Ruthe,Barrus,Ruthe.Barrus@yopmail.com,firefighter
Emylee,Yerkovich,Emylee.Yerkovich@yopmail.com,developer
Gusella,Bergman,Gusella.Bergman@yopmail.com,police officer
Lulita,Levey,Lulita.Levey@yopmail.com,worker
Adore,Eachern,Adore.Eachern@yopmail.com,worker
Oralee,Emerson,Oralee.Emerson@yopmail.com,police officer
Ruthe,Leffen,Ruthe.Leffen@yopmail.com,firefighter
Selma,Merat,Selma.Merat@yopmail.com,worker
Angelique,Chaing,Angelique.Chaing@yopmail.com,doctor
Cherilyn,Cottle,Cherilyn.Cottle@yopmail.com,worker
Nessie,Manolo,Nessie.Manolo@yopmail.com,developer
Aurore,Shirberg,Aurore.Shirberg@yopmail.com,doctor
Chrystel,Colyer,Chrystel.Colyer@yopmail.com,firefighter
Tarra,Donoghue,Tarra.Donoghue@yopmail.com,police officer
Ninnetta,Ariella,Ninnetta.Ariella@yopmail.com,police officer
Ruthe,Adore,Ruthe.Adore@yopmail.com,firefighter
Fayre,Corrine,Fayre.Corrine@yopmail.com,doctor
Mariele,Bow,Mariele.Bow@yopmail.com,firefighter
Michaelina,Ailyn,Michaelina.Ailyn@yopmail.com,worker
Gretal,Arley,Gretal.Arley@yopmail.com,developer
Rosaline,Nikaniki,Rosaline.Nikaniki@yopmail.com,developer
Yvonne,Franza,Yvonne.Franza@yopmail.com,firefighter
Kittie,Gemini,Kittie.Gemini@yopmail.com,worker
Grier,Guthrie,Grier.Guthrie@yopmail.com,police officer
Mallory,Yam,Mallory.Yam@yopmail.com,doctor
Trudie,Nelsen,Trudie.Nelsen@yopmail.com,developer
Leeanne,Georas,Leeanne.Georas@yopmail.com,developer
Dorothy,Pitt,Dorothy.Pitt@yopmail.com,firefighter
Elvira,Raychel,Elvira.Raychel@yopmail.com,police officer
Cacilie,Brodench,Cacilie.Brodench@yopmail.com,developer
Cassondra,Lewes,Cassondra.Lewes@yopmail.com,police officer
Bobinette,Constancy,Bobinette.Constancy@yopmail.com,police officer
Gui,Madelene,Gui.Madelene@yopmail.com,doctor
Glynnis,Moseley,Glynnis.Moseley@yopmail.com,developer
Alejandra,Brodench,Alejandra.Brodench@yopmail.com,doctor
Penelopa,Isidore,Penelopa.Isidore@yopmail.com,police officer
Margalo,Chesna,Margalo.Chesna@yopmail.com,worker
Danny,Schroth,Danny.Schroth@yopmail.com,firefighter
Alisha,Niles,Alisha.Niles@yopmail.com,firefighter
Chandra,Salvidor,Chandra.Salvidor@yopmail.com,developer
Brandise,Alrich,Brandise.Alrich@yopmail.com,worker
Agnese,Klotz,Agnese.Klotz@yopmail.com,doctor
Stevana,O'Carroll,Stevana.O'Carroll@yopmail.com,developer
Lulita,Edvard,Lulita.Edvard@yopmail.com,developer
Susette,Strephon,Susette.Strephon@yopmail.com,doctor
Heddie,Mata,Heddie.Mata@yopmail.com,worker
Rosaline,Smitt,Rosaline.Smitt@yopmail.com,police officer
Cindelyn,Llovera,Cindelyn.Llovera@yopmail.com,developer
Hallie,Gillan,Hallie.Gillan@yopmail.com,developer
Deloria,Rosette,Deloria.Rosette@yopmail.com,doctor
Mamie,Jobi,Mamie.Jobi@yopmail.com,developer
Jany,Guthrie,Jany.Guthrie@yopmail.com,doctor
Sadie,Dawkins,Sadie.Dawkins@yopmail.com,worker
Odessa,Talia,Odessa.Talia@yopmail.com,police officer
Karena,Brandice,Karena.Brandice@yopmail.com,developer
Sheree,Erskine,Sheree.Erskine@yopmail.com,worker
Cassandra,Orelee,Cassandra.Orelee@yopmail.com,worker
Lilith,August,Lilith.August@yopmail.com,firefighter
Lonnie,Ralfston,Lonnie.Ralfston@yopmail.com,worker
Emilia,Atcliffe,Emilia.Atcliffe@yopmail.com,worker
Kimberley,Emmaline,Kimberley.Emmaline@yopmail.com,police officer
Vita,Tillford,Vita.Tillford@yopmail.com,police officer
Elsie,Marden,Elsie.Marden@yopmail.com,police officer
Norine,Telfer,Norine.Telfer@yopmail.com,developer
Hayley,Soneson,Hayley.Soneson@yopmail.com,firefighter
Oralee,Borrell,Oralee.Borrell@yopmail.com,firefighter
Keelia,Richers,Keelia.Richers@yopmail.com,developer
Rhoda,Fredi,Rhoda.Fredi@yopmail.com,firefighter
Micheline,Wildermuth,Micheline.Wildermuth@yopmail.com,doctor
Carolina,Reneta,Carolina.Reneta@yopmail.com,worker
Jenilee,Boehike,Jenilee.Boehike@yopmail.com,police officer
Dale,Capello,Dale.Capello@yopmail.com,doctor
Alex,Ovid,Alex.Ovid@yopmail.com,developer
Robinia,Thornburg,Robinia.Thornburg@yopmail.com,firefighter
Rosene,Fitzsimmons,Rosene.Fitzsimmons@yopmail.com,worker
Adore,Mozelle,Adore.Mozelle@yopmail.com,doctor
Jenda,Lay,Jenda.Lay@yopmail.com,developer
Hayley,Cath,Hayley.Cath@yopmail.com,worker
Jessy,Simmonds,Jessy.Simmonds@yopmail.com,developer
Kassey,Buffum,Kassey.Buffum@yopmail.com,doctor
Stevana,Ethban,Stevana.Ethban@yopmail.com,worker
Susan,Justinn,Susan.Justinn@yopmail.com,firefighter
Kirstin,Brotherson,Kirstin.Brotherson@yopmail.com,firefighter
Bobbi,Daniele,Bobbi.Daniele@yopmail.com,worker
Benita,Shaver,Benita.Shaver@yopmail.com,worker
Chere,Friede,Chere.Friede@yopmail.com,doctor
Meghann,Aloise,Meghann.Aloise@yopmail.com,firefighter
Jennica,Ophelia,Jennica.Ophelia@yopmail.com,firefighter
Yvonne,Modie,Yvonne.Modie@yopmail.com,doctor
Dania,Xerxes,Dania.Xerxes@yopmail.com,worker
Madeleine,Sperling,Madeleine.Sperling@yopmail.com,developer
Jere,Gaspard,Jere.Gaspard@yopmail.com,firefighter
Kenna,Billye,Kenna.Billye@yopmail.com,doctor
Adele,Marijo,Adele.Marijo@yopmail.com,worker
Ann-Marie,Bearnard,Ann-Marie.Bearnard@yopmail.com,worker
Nicoli,Bronk,Nicoli.Bronk@yopmail.com,developer
Nicoli,Donoghue,Nicoli.Donoghue@yopmail.com,firefighter
Deirdre,Revkah,Deirdre.Revkah@yopmail.com,police officer
Marjie,Berriman,Marjie.Berriman@yopmail.com,developer
Philis,Weaks,Philis.Weaks@yopmail.com,doctor
Giustina,Braun,Giustina.Braun@yopmail.com,doctor
Meriel,Kiyoshi,Meriel.Kiyoshi@yopmail.com,firefighter
Elyssa,Edison,Elyssa.Edison@yopmail.com,firefighter
Basia,Fink,Basia.Fink@yopmail.com,police officer
Hollie,Zaslow,Hollie.Zaslow@yopmail.com,firefighter
Louella,Raama,Louella.Raama@yopmail.com,firefighter
Jinny,Candy,Jinny.Candy@yopmail.com,firefighter
Beth,Kosey,Beth.Kosey@yopmail.com,firefighter
Cristine,Hamil,Cristine.Hamil@yopmail.com,police officer
Lauryn,Stelle,Lauryn.Stelle@yopmail.com,worker
Mamie,Maryanne,Mamie.Maryanne@yopmail.com,worker
Charlena,Blisse,Charlena.Blisse@yopmail.com,police officer
Donetta,Olnee,Donetta.Olnee@yopmail.com,firefighter
Damaris,Stefa,Damaris.Stefa@yopmail.com,firefighter
Fanny,Beebe,Fanny.Beebe@yopmail.com,doctor
Harmonia,Drus,Harmonia.Drus@yopmail.com,police officer
Andeee,Bertold,Andeee.Bertold@yopmail.com,worker
Jaime,Raama,Jaime.Raama@yopmail.com,police officer
Wynne,Daveta,Wynne.Daveta@yopmail.com,developer
Yolane,Durware,Yolane.Durware@yopmail.com,worker
Carmencita,Salvidor,Carmencita.Salvidor@yopmail.com,doctor
Ricky,Buttaro,Ricky.Buttaro@yopmail.com,police officer
Robbi,Bryna,Robbi.Bryna@yopmail.com,firefighter
Karena,Thunell,Karena.Thunell@yopmail.com,developer
Norine,Travax,Norine.Travax@yopmail.com,worker
Mildrid,Marsden,Mildrid.Marsden@yopmail.com,firefighter
Katleen,Heisel,Katleen.Heisel@yopmail.com,firefighter
Sam,Billye,Sam.Billye@yopmail.com,worker
Melisent,Stover,Melisent.Stover@yopmail.com,police officer
Celestyna,Aurelio,Celestyna.Aurelio@yopmail.com,worker
Belva,Philipp,Belva.Philipp@yopmail.com,police officer
Kristina,Pascia,Kristina.Pascia@yopmail.com,doctor
Gusty,Egbert,Gusty.Egbert@yopmail.com,developer
Dari,Kirstin,Dari.Kirstin@yopmail.com,developer
Modestia,Bari,Modestia.Bari@yopmail.com,police officer
Mignon,Hilbert,Mignon.Hilbert@yopmail.com,developer
Marleah,Lynn,Marleah.Lynn@yopmail.com,worker
Alie,Ludewig,Alie.Ludewig@yopmail.com,developer
Farrah,Goddard,Farrah.Goddard@yopmail.com,developer
Selma,Mozelle,Selma.Mozelle@yopmail.com,firefighter
Angela,Gabrielli,Angela.Gabrielli@yopmail.com,firefighter
Veda,Germann,Veda.Germann@yopmail.com,police officer
Hannis,Center,Hannis.Center@yopmail.com,police officer
Elvira,Clywd,Elvira.Clywd@yopmail.com,police officer
Tami,Septima,Tami.Septima@yopmail.com,police officer
Damaris,Hachmin,Damaris.Hachmin@yopmail.com,police officer
Yolane,Chandler,Yolane.Chandler@yopmail.com,developer
Darlleen,Zina,Darlleen.Zina@yopmail.com,police officer
Elvira,Romelda,Elvira.Romelda@yopmail.com,police officer
Atlanta,Marcellus,Atlanta.Marcellus@yopmail.com,firefighter
Drucie,Lissi,Drucie.Lissi@yopmail.com,worker
Harmonia,Kaete,Harmonia.Kaete@yopmail.com,firefighter
Alisha,Corilla,Alisha.Corilla@yopmail.com,developer
Zia,Cohdwell,Zia.Cohdwell@yopmail.com,firefighter
Vivia,Cohdwell,Vivia.Cohdwell@yopmail.com,worker
Doro,Daegal,Doro.Daegal@yopmail.com,worker
Oralee,Wattenberg,Oralee.Wattenberg@yopmail.com,police officer
Roxane,Alice,Roxane.Alice@yopmail.com,developer
Cyndie,Raama,Cyndie.Raama@yopmail.com,firefighter
Lucy,Beebe,Lucy.Beebe@yopmail.com,doctor
Loree,Gunn,Loree.Gunn@yopmail.com,worker
Annabela,Schlosser,Annabela.Schlosser@yopmail.com,worker
Angela,Engdahl,Angela.Engdahl@yopmail.com,firefighter
Dyann,Silvan,Dyann.Silvan@yopmail.com,developer
Charmaine,Agle,Charmaine.Agle@yopmail.com,police officer
Susan,Primalia,Susan.Primalia@yopmail.com,worker
Tonia,Kronfeld,Tonia.Kronfeld@yopmail.com,worker
Kimberley,McCutcheon,Kimberley.McCutcheon@yopmail.com,doctor
Nataline,Stanwood,Nataline.Stanwood@yopmail.com,firefighter
Leona,Gamaliel,Leona.Gamaliel@yopmail.com,developer
Pearline,Cressida,Pearline.Cressida@yopmail.com,worker
Justinn,Mike,Justinn.Mike@yopmail.com,worker
Cindelyn,Kenney,Cindelyn.Kenney@yopmail.com,doctor
Binny,Suk,Binny.Suk@yopmail.com,firefighter
Celestyna,Destinee,Celestyna.Destinee@yopmail.com,police officer
Vinita,Minetta,Vinita.Minetta@yopmail.com,police officer
Ricky,Nea,Ricky.Nea@yopmail.com,doctor
Janey,Koehler,Janey.Koehler@yopmail.com,developer
Kalina,Odysseus,Kalina.Odysseus@yopmail.com,firefighter
Doralynne,Jalbert,Doralynne.Jalbert@yopmail.com,developer
Bernardine,Mike,Bernardine.Mike@yopmail.com,police officer
Imojean,Ahab,Imojean.Ahab@yopmail.com,police officer
Tarra,Charity,Tarra.Charity@yopmail.com,worker
Trudie,Saree,Trudie.Saree@yopmail.com,worker
Zondra,Afton,Zondra.Afton@yopmail.com,police officer
Cathyleen,Dimitris,Cathyleen.Dimitris@yopmail.com,worker
Tobe,Earlie,Tobe.Earlie@yopmail.com,developer
Paulita,Kolnick,Paulita.Kolnick@yopmail.com,firefighter
Mignon,Ivens,Mignon.Ivens@yopmail.com,doctor
Carmencita,Beebe,Carmencita.Beebe@yopmail.com,doctor
Ellette,Pozzy,Ellette.Pozzy@yopmail.com,firefighter
Misha,Burch,Misha.Burch@yopmail.com,worker
Millie,Vastah,Millie.Vastah@yopmail.com,police officer
Netty,Maples,Netty.Maples@yopmail.com,police officer
Katuscha,Florina,Katuscha.Florina@yopmail.com,developer
Kirstin,Kat,Kirstin.Kat@yopmail.com,police officer
Sabina,Maribeth,Sabina.Maribeth@yopmail.com,police officer
Elfreda,Eachern,Elfreda.Eachern@yopmail.com,worker
Henriette,Nore,Henriette.Nore@yopmail.com,worker
Johna,Gilbertson,Johna.Gilbertson@yopmail.com,firefighter
Tonia,Hebner,Tonia.Hebner@yopmail.com,developer
Dennie,Autrey,Dennie.Autrey@yopmail.com,firefighter
Halette,Natalia,Halette.Natalia@yopmail.com,firefighter
Olivette,Francene,Olivette.Francene@yopmail.com,police officer
Inga,Braun,Inga.Braun@yopmail.com,firefighter
Rori,Ferino,Rori.Ferino@yopmail.com,doctor