firstname,lastname,email,profession
Layla,Harl,Layla.Harl@yopmail.com,firefighter
Mureil,Ezar,Mureil.Ezar@yopmail.com,doctor
Elbertina,Shields,Elbertina.Shields@yopmail.com,worker
Nessie,Old,Nessie.Old@yopmail.com,developer
Jacenta,Kenney,Jacenta.Kenney@yopmail.com,firefighter
Almeta,Noelyn,Almeta.Noelyn@yopmail.com,firefighter
Beatriz,Katrine,Beatriz.Katrine@yopmail.com,doctor
Ayn,Abram,Ayn.Abram@yopmail.com,firefighter
Maryellen,Lasley,Maryellen.Lasley@yopmail.com,doctor
Trixi,Beniamino,Trixi.Beniamino@yopmail.com,worker
Dode,Erb,Dode.Erb@yopmail.com,doctor
Christian,LaRue,Christian.LaRue@yopmail.com,police officer
Sharlene,Ludewig,Sharlene.Ludewig@yopmail.com,police officer
Dode,Soneson,Dode.Soneson@yopmail.com,doctor
Binny,Wilona,Binny.Wilona@yopmail.com,police officer
Katuscha,Sundin,Katuscha.Sundin@yopmail.com,worker
Jan,Christal,Jan.Christal@yopmail.com,firefighter
Minne,Tacye,Minne.Tacye@yopmail.com,police officer
Cyndie,Erminia,Cyndie.Erminia@yopmail.com,worker
Gwenneth,Damarra,Gwenneth.Damarra@yopmail.com,worker
Kimmy,Tacye,Kimmy.Tacye@yopmail.com,police officer
Elfreda,Medrek,Elfreda.Medrek@yopmail.com,developer
Nadine,Leler,Nadine.Leler@yopmail.com,doctor
Mady,Bethany,Mady.Bethany@yopmail.com,worker
Kimberley,Herrera,Kimberley.Herrera@yopmail.com,firefighter
Layla,Drus,Layla.Drus@yopmail.com,police officer
Alyda,Ajay,Alyda.Ajay@yopmail.com,firefighter
Coral,Gilmour,Coral.Gilmour@yopmail.com,doctor
Edith,Boycey,Edith.Boycey@yopmail.com,doctor
Dacia,Wildermuth,Dacia.Wildermuth@yopmail.com,developer
Shaylyn,Constancy,Shaylyn.Constancy@yopmail.com,worker
Mamie,Autrey,Mamie.Autrey@yopmail.com,police officer
Jolyn,Ardra,Jolyn.Ardra@yopmail.com,firefighter
Cassondra,Creamer,Cassondra.Creamer@yopmail.com,worker
Babita,Cherianne,Babita.Cherianne@yopmail.com,worker
Florie,Borrell,Florie.Borrell@yopmail.com,doctor
Harmonia,Seessel,Harmonia.Seessel@yopmail.com,firefighter
Nicoli,Lory,Nicoli.Lory@yopmail.com,police officer
Netty,Clie,Netty.Clie@yopmail.com,firefighter
Darci,Infield,Darci.Infield@yopmail.com,worker
Basia,Horan,Basia.Horan@yopmail.com,developer
Tori,O'Rourke,Tori.O'Rourke@yopmail.com,doctor
Sadie,Raychel,Sadie.Raychel@yopmail.com,firefighter
Charissa,Killigrew,Charissa.Killigrew@yopmail.com,worker
Gusty,McClimans,Gusty.McClimans@yopmail.com,worker
Nananne,Yusuk,Nananne.Yusuk@yopmail.com,police officer
Nananne,Reidar,Nananne.Reidar@yopmail.com,worker
Max,Cavan,Max.Cavan@yopmail.com,doctor
Latisha,Ajay,Latisha.Ajay@yopmail.com,firefighter
Marguerite,Georgy,Marguerite.Georgy@yopmail.com,doctor
Elie,Liebermann,Elie.Liebermann@yopmail.com,worker
Dyann,Corrine,Dyann.Corrine@yopmail.com,doctor
Alleen,Dowski,Alleen.Dowski@yopmail.com,worker
Aurelie,Chrystel,Aurelie.Chrystel@yopmail.com,worker
Elvira,Miru,Elvira.Miru@yopmail.com,police officer
Annaliese,Lalitta,Annaliese.Lalitta@yopmail.com,doctor
Netty,Braun,Netty.Braun@yopmail.com,firefighter
Ekaterina,Merell,Ekaterina.Merell@yopmail.com,firefighter
Anica,Warthman,Anica.Warthman@yopmail.com,doctor
Linet,Ovid,Linet.Ovid@yopmail.com,doctor
Zia,Mintz,Zia.Mintz@yopmail.com,developer
Jenilee,Grayce,Jenilee.Grayce@yopmail.com,worker
Rochette,Clywd,Rochette.Clywd@yopmail.com,police officer
Trixi,Jalbert,Trixi.Jalbert@yopmail.com,police officer
Evita,Cohdwell,Evita.Cohdwell@yopmail.com,firefighter
Eolanda,Zina,Eolanda.Zina@yopmail.com,police officer
Melanie,Medrek,Melanie.Medrek@yopmail.com,worker
Aurore,Capello,Aurore.Capello@yopmail.com,developer
Miquela,Rogerio,Miquela.Rogerio@yopmail.com,worker
Roslyn,Saint,Roslyn.Saint@yopmail.com,police officer
Kristina,Bartlett,Kristina.Bartlett@yopmail.com,developer
Minda,Hull,Minda.Hull@yopmail.com,firefighter
Trixi,Hilbert,Trixi.Hilbert@yopmail.com,firefighter
Mellicent,Tristram,Mellicent.Tristram@yopmail.com,worker
Angelique,Maiah,Angelique.Maiah@yopmail.com,police officer
Corina,Infield,Corina.Infield@yopmail.com,worker
Cecile,Bury,Cecile.Bury@yopmail.com,firefighter
Lenna,Hermes,Lenna.Hermes@yopmail.com,firefighter
Lauryn,Serilda,Lauryn.Serilda@yopmail.com,police officer
Almeta,Bergman,Almeta.Bergman@yopmail.com,developer
Libbie,Haymes,Libbie.Haymes@yopmail.com,firefighter
Xylina,Danby,Xylina.Danby@yopmail.com,developer
Tomasina,Sperling,Tomasina.Sperling@yopmail.com,developer
Nessie,Septima,Nessie.Septima@yopmail.com,doctor
Edith,Suzetta,Edith.Suzetta@yopmail.com,developer
Joleen,Iiette,Joleen.Iiette@yopmail.com,doctor
Jinny,Tacye,Jinny.Tacye@yopmail.com,developer
Melanie,Kimmie,Melanie.Kimmie@yopmail.com,police officer
Rhea,Mayeda,Rhea.Mayeda@yopmail.com,police officer
Dione,Dunkin,Dione.Dunkin@yopmail.com,worker
Belva,Tengdin,Belva.Tengdin@yopmail.com,police officer
Kirstin,Berard,Kirstin.Berard@yopmail.com,firefighter
Sidoney,Sundin,Sidoney.Sundin@yopmail.com,police officer
Correy,Firmin,Correy.Firmin@yopmail.com,developer
Mady,Madox,Mady.Madox@yopmail.com,police officer
Codie,Hieronymus,Codie.Hieronymus@yopmail.com,worker
Brooks,Tryck,Brooks.Tryck@yopmail.com,developer
Celisse,Felecia,Celisse.Felecia@yopmail.com,police officer
Jacquetta,Viddah,Jacquetta.Viddah@yopmail.com,doctor
Quintina,Kravits,Quintina.Kravits@yopmail.com,firefighter
Shauna,Earlie,Shauna.Earlie@yopmail.com,worker
Dennie,Ackerley,Dennie.Ackerley@yopmail.com,police officer
Wynne,Edvard,Wynne.Edvard@yopmail.com,worker
Codie,Fitzsimmons,Codie.Fitzsimmons@yopmail.com,doctor
Meg,Ellord,Meg.Ellord@yopmail.com,doctor
Calla,Gregrory,Calla.Gregrory@yopmail.com,worker
Angela,Krystle,Angela.Krystle@yopmail.com,worker
Vinita,Craggie,Vinita.Craggie@yopmail.com,worker
Caritta,Revkah,Caritta.Revkah@yopmail.com,police officer
Lonnie,Martguerita,Lonnie.Martguerita@yopmail.com,firefighter
Hope,Tamar,Hope.Tamar@yopmail.com,worker
Celestyna,Morgun,Celestyna.Morgun@yopmail.com,police officer
Hermione,Bartlett,Hermione.Bartlett@yopmail.com,firefighter
Nananne,Jena,Nananne.Jena@yopmail.com,firefighter
Daphne,Yusuk,Daphne.Yusuk@yopmail.com,doctor
Shandie,Caitlin,Shandie.Caitlin@yopmail.com,police officer
Lanae,Cleo,Lanae.Cleo@yopmail.com,worker
Hannis,Destinee,Hannis.Destinee@yopmail.com,worker
Ricky,Edee,Ricky.Edee@yopmail.com,worker
Nataline,Jefferey,Nataline.Jefferey@yopmail.com,developer
Elbertina,Gwenore,Elbertina.Gwenore@yopmail.com,developer
Lucille,Roscoe,Lucille.Roscoe@yopmail.com,developer
Kalina,Maroney,Kalina.Maroney@yopmail.com,doctor
Christy,Lilas,Christy.Lilas@yopmail.com,worker
Konstance,Eachern,Konstance.Eachern@yopmail.com,firefighter
Joceline,Lattie,Joceline.Lattie@yopmail.com,worker
Pamella,Leffen,Pamella.Leffen@yopmail.com,police officer
Desirae,Seligman,Desirae.Seligman@yopmail.com,developer
Flory,Greyson,Flory.Greyson@yopmail.com,worker
Natka,Avi,Natka.Avi@yopmail.com,firefighter
Oona,Lory,Oona.Lory@yopmail.com,doctor
Halette,Alwin,Halette.Alwin@yopmail.com,police officer
Molli,Niles,Molli.Niles@yopmail.com,firefighter
Augustine,Zaslow,Augustine.Zaslow@yopmail.com,worker
Demetris,Dom,Demetris.Dom@yopmail.com,developer
Florencia,Izaak,Florencia.Izaak@yopmail.com,developer
Arlina,Redmond,Arlina.Redmond@yopmail.com,worker
Marinna,Janene,Marinna.Janene@yopmail.com,police officer
Heddie,Kolnick,Heddie.Kolnick@yopmail.com,firefighter
Gusty,Silvan,Gusty.Silvan@yopmail.com,police officer
Codie,Carolin,Codie.Carolin@yopmail.com,police officer
Chloris,Kamaria,Chloris.Kamaria@yopmail.com,firefighter
Lynde,Carolin,Lynde.Carolin@yopmail.com,doctor
Chrystel,Mich,Chrystel.Mich@yopmail.com,firefighter
Dawn,Kiersten,Dawn.Kiersten@yopmail.com,worker
Glenda,Meli,Glenda.Meli@yopmail.com,doctor
Luci,Haerr,Luci.Haerr@yopmail.com,police officer
Lorenza,Maiah,Lorenza.Maiah@yopmail.com,developer
Frank,Delp,Frank.Delp@yopmail.com,worker
Betta,Vary,Betta.Vary@yopmail.com,developer
Lisette,Bakerman,Lisette.Bakerman@yopmail.com,developer
Tiffie,Maurine,Tiffie.Maurine@yopmail.com,police officer
Sabina,Ashok,Sabina.Ashok@yopmail.com,worker
Sophia,Azeria,Sophia.Azeria@yopmail.com,worker
Corry,Sandye,Corry.Sandye@yopmail.com,doctor
Courtnay,Joni,Courtnay.Joni@yopmail.com,firefighter
Mellicent,Agle,Mellicent.Agle@yopmail.com,developer
Marsiella,Jammal,Marsiella.Jammal@yopmail.com,worker
Stacey,Stanwood,Stacey.Stanwood@yopmail.com,doctor
Fanny,Elo,Fanny.Elo@yopmail.com,doctor
Ethel,Santoro,Ethel.Santoro@yopmail.com,police officer
Lilith,Brandice,Lilith.Brandice@yopmail.com,firefighter
Dania,Craggie,Dania.Craggie@yopmail.com,doctor
Charissa,Nahum,Charissa.Nahum@yopmail.com,firefighter
Chere,Bigner,Chere.Bigner@yopmail.com,doctor
Beth,Modie,Beth.Modie@yopmail.com,worker
Trudie,Magdalen,Trudie.Magdalen@yopmail.com,doctor
Blake,Fiester,Blake.Fiester@yopmail.com,police officer
Orelia,Jena,Orelia.Jena@yopmail.com,doctor
Daune,Serilda,Daune.Serilda@yopmail.com,doctor
Chastity,Wareing,Chastity.Wareing@yopmail.com,doctor
Ana,Noam,Ana.Noam@yopmail.com,worker
Yetty,Ivens,Yetty.Ivens@yopmail.com,worker
Janenna,Teryn,Janenna.Teryn@yopmail.com,police officer
Phylis,Remmer,Phylis.Remmer@yopmail.com,firefighter
Dode,Cohdwell,Dode.Cohdwell@yopmail.com,firefighter
Ursulina,Celestine,Ursulina.Celestine@yopmail.com,firefighter
Sindee,Uird,Sindee.Uird@yopmail.com,police officer
Stephanie,Seligman,Stephanie.Seligman@yopmail.com,worker
Judy,Warthman,Judy.Warthman@yopmail.com,developer
Ekaterina,Sancho,Ekaterina.Sancho@yopmail.com,doctor
Chastity,Markman,Chastity.Markman@yopmail.com,firefighter
Codie,Woodberry,Codie.Woodberry@yopmail.com,doctor
Jaime,Ahab,Jaime.Ahab@yopmail.com,worker
Tilly,Dunkin,Tilly.Dunkin@yopmail.com,firefighter
Estell,Dahlia,Estell.Dahlia@yopmail.com,worker
Nickie,Grosz,Nickie.Grosz@yopmail.com,firefighter
Britte,Wittie,Britte.Wittie@yopmail.com,doctor
Lynea,Scammon,Lynea.Scammon@yopmail.com,developer
Fawne,Lindemann,Fawne.Lindemann@yopmail.com,firefighter
Emma,Tjon,Emma.Tjon@yopmail.com,developer
Nollie,Anton,Nollie.Anton@yopmail.com,police officer
Doro,Lauraine,Doro.Lauraine@yopmail.com,worker
Hermione,Anastatius,Hermione.Anastatius@yopmail.com,firefighter
Riannon,Parsaye,Riannon.Parsaye@yopmail.com,developer
Brandise,Stuart,Brandise.Stuart@yopmail.com,worker
Joelly,Nance,Joelly.Nance@yopmail.com,police officer
Myriam,Emanuel,Myriam.Emanuel@yopmail.com,worker
Tressa,Argus,Tressa.Argus@yopmail.com,worker
Adelle,Teddman,Adelle.Teddman@yopmail.com,police officer
Brianna,Mendez,Brianna.Mendez@yopmail.com,developer
Carolina,Obed,Carolina.Obed@yopmail.com,doctor
Ira,Eno,Ira.Eno@yopmail.com,police officer
Arabel,Damarra,Arabel.Damarra@yopmail.com,doctor
Elsie,Simmonds,Elsie.Simmonds@yopmail.com,worker
Jany,Francene,Jany.Francene@yopmail.com,worker
Corene,Arathorn,Corene.Arathorn@yopmail.com,developer
Flo,Thar,Flo.Thar@yopmail.com,firefighter
Ira,Loleta,Ira.Loleta@yopmail.com,worker
Oralee,Junie,Oralee.Junie@yopmail.com,worker
Catrina,Eiser,Catrina.Eiser@yopmail.com,firefighter
Bobinette,Remmer,Bobinette.Remmer@yopmail.com,police officer
Audrie,Carri,Audrie.Carri@yopmail.com,police officer
Willetta,Gilbertson,Willetta.Gilbertson@yopmail.com,developer
Lonnie,Charity,Lonnie.Charity@yopmail.com,police officer
Krystle,Granoff,Krystle.Granoff@yopmail.com,doctor
Ardys,Chandler,Ardys.Chandler@yopmail.com,police officer
Augustine,Heisel,Augustine.Heisel@yopmail.com,police officer
Chere,Olnee,Chere.Olnee@yopmail.com,firefighter
Jeanna,Garrison,Jeanna.Garrison@yopmail.com,developer
Elmira,Kronfeld,Elmira.Kronfeld@yopmail.com,developer
Raf,Tybald,Raf.Tybald@yopmail.com,firefighter
Dianemarie,Sisile,Dianemarie.Sisile@yopmail.com,police officer
Karena,Willie,Karena.Willie@yopmail.com,firefighter
Phylis,Gino,Phylis.Gino@yopmail.com,police officer
Millie,Mott,Millie.Mott@yopmail.com,police officer
Kimberley,Sawtelle,Kimberley.Sawtelle@yopmail.com,firefighter
Jenilee,Matthew,Jenilee.Matthew@yopmail.com,firefighter
Marcelline,Duwalt,Marcelline.Duwalt@yopmail.com,firefighter
Gilligan,Erb,Gilligan.Erb@yopmail.com,developer
Taffy,Geffner,Taffy.Geffner@yopmail.com,police officer
Leeanne,Girardo,Leeanne.Girardo@yopmail.com,firefighter
Nataline,Philoo,Nataline.Philoo@yopmail.com,worker
Anallese,Amethist,Anallese.Amethist@yopmail.com,police officer
Amelia,Anselmi,Amelia.Anselmi@yopmail.com,developer
Blondelle,Demitria,Blondelle.Demitria@yopmail.com,worker
Edyth,Henebry,Edyth.Henebry@yopmail.com,firefighter
Gertrud,Wesle,Gertrud.Wesle@yopmail.com,police officer
Gwenneth,Hilbert,Gwenneth.Hilbert@yopmail.com,developer
Jasmina,O'Rourke,Jasmina.O'Rourke@yopmail.com,developer
Clementine,Shirberg,Clementine.Shirberg@yopmail.com,developer
Ezmeralda,Laurianne,Ezmeralda.Laurianne@yopmail.com,firefighter
Berget,Papageno,Berget.Papageno@yopmail.com,doctor
Tomasina,Felizio,Tomasina.Felizio@yopmail.com,firefighter
Marcelline,Jacobah,Marcelline.Jacobah@yopmail.com,developer
Gusella,Atcliffe,Gusella.Atcliffe@yopmail.com,doctor
Alejandra,Kristi,Alejandra.Kristi@yopmail.com,firefighter
Alameda,Aaberg,Alameda.Aaberg@yopmail.com,police officer
Celestyna,Podvin,Celestyna.Podvin@yopmail.com,firefighter
Janis,Sidonius,Janis.Sidonius@yopmail.com,doctor
Louella,Hachmin,Louella.Hachmin@yopmail.com,worker
Marline,Joli,Marline.Joli@yopmail.com,developer
Gianina,Garlinda,Gianina.Garlinda@yopmail.com,worker
Sue,Aida,Sue.Aida@yopmail.com,police officer
Margette,Dash,Margette.Dash@yopmail.com,doctor
Kayla,Naashom,Kayla.Naashom@yopmail.com,firefighter
Joane,Gombach,Joane.Gombach@yopmail.com,firefighter
Corina,Phyllis,Corina.Phyllis@yopmail.com,doctor
Sarette,Stilwell,Sarette.Stilwell@yopmail.com,developer
Taffy,Grimbly,Taffy.Grimbly@yopmail.com,developer
Chrystel,Margarete,Chrystel.Margarete@yopmail.com,firefighter
Lelah,Goerke,Lelah.Goerke@yopmail.com,police officer
Raquela,Gordon,Raquela.Gordon@yopmail.com,doctor
Agathe,Chaing,Agathe.Chaing@yopmail.com,firefighter
Candi,Lattie,Candi.Lattie@yopmail.com,firefighter
Antonietta,Maribeth,Antonietta.Maribeth@yopmail.com,developer
Micheline,Edvard,Micheline.Edvard@yopmail.com,firefighter
Korrie,Valerio,Korrie.Valerio@yopmail.com,firefighter
Jsandye,Sadowski,Jsandye.Sadowski@yopmail.com,firefighter
Lelah,Aaberg,Lelah.Aaberg@yopmail.com,doctor
Berta,Fancie,Berta.Fancie@yopmail.com,police officer
Corly,Jarib,Corly.Jarib@yopmail.com,doctor
Frank,Koziara,Frank.Koziara@yopmail.com,police officer
Bettine,Daveta,Bettine.Daveta@yopmail.com,police officer
Nananne,Sibyls,Nananne.Sibyls@yopmail.com,doctor
Beth,Emmy,Beth.Emmy@yopmail.com,developer
Phylis,Schroth,Phylis.Schroth@yopmail.com,firefighter
Averyl,Salvidor,Averyl.Salvidor@yopmail.com,firefighter
Danika,Ioab,Danika.Ioab@yopmail.com,firefighter
Corina,Aaberg,Corina.Aaberg@yopmail.com,doctor
Rori,Astra,Rori.Astra@yopmail.com,doctor
Edyth,Goddard,Edyth.Goddard@yopmail.com,developer
Fidelia,Marisa,Fidelia.Marisa@yopmail.com,doctor
Pierette,Jess,Pierette.Jess@yopmail.com,firefighter
Marita,Cecile,Marita.Cecile@yopmail.com,police officer
Elise,Kristi,Elise.Kristi@yopmail.com,worker
Paola,Gregrory,Paola.Gregrory@yopmail.com,firefighter
Cristabel,Joli,Cristabel.Joli@yopmail.com,doctor
Kathi,Alarise,Kathi.Alarise@yopmail.com,developer
Larine,Seligman,Larine.Seligman@yopmail.com,police officer
Frances,Tjon,Frances.Tjon@yopmail.com,developer
Hildegaard,Payson,Hildegaard.Payson@yopmail.com,firefighter
Helsa,Kimmie,Helsa.Kimmie@yopmail.com,developer
Edee,Bibi,Edee.Bibi@yopmail.com,worker
Sam,Noelyn,Sam.Noelyn@yopmail.com,worker
Anallese,Lorenz,Anallese.Lorenz@yopmail.com,developer
Trudie,Stanwood,Trudie.Stanwood@yopmail.com,firefighter
Morganica,Belanger,Morganica.Belanger@yopmail.com,police officer
Nataline,Himelman,Nataline.Himelman@yopmail.com,doctor
Sue,Salvidor,Sue.Salvidor@yopmail.com,doctor
Barbi,Boycey,Barbi.Boycey@yopmail.com,police officer
Amelia,Sothena,Amelia.Sothena@yopmail.com,worker
Cacilie,Cohdwell,Cacilie.Cohdwell@yopmail.com,police officer
Georgetta,Talia,Georgetta.Talia@yopmail.com,police officer
Rori,Tiffa,Rori.Tiffa@yopmail.com,worker
Chrystel,Therine,Chrystel.Therine@yopmail.com,developer
Flory,Sharl,Flory.Sharl@yopmail.com,developer
Lucille,Joeann,Lucille.Joeann@yopmail.com,firefighter
Yetty,Payson,Yetty.Payson@yopmail.com,doctor
Oona,Seagraves,Oona.Seagraves@yopmail.com,firefighter
Allis,Clarissa,Allis.Clarissa@yopmail.com,police officer
Chere,Hillel,Chere.Hillel@yopmail.com,police officer
Jeanna,Douglass,Jeanna.Douglass@yopmail.com,firefighter
Gilligan,Stelle,Gilligan.Stelle@yopmail.com,developer
Carly,Kussell,Carly.Kussell@yopmail.com,police officer
Charmaine,Hieronymus,Charmaine.Hieronymus@yopmail.com,worker
Sherrie,Sharl,Sherrie.Sharl@yopmail.com,police officer
Katuscha,Grayce,Katuscha.Grayce@yopmail.com,police officer
Alejandra,Georgy,Alejandra.Georgy@yopmail.com,firefighter
Amara,Ricki,Amara.Ricki@yopmail.com,worker
Thalia,Screens,Thalia.Screens@yopmail.com,police officer
Karina,Belldas,Karina.Belldas@yopmail.com,worker
Inga,Lia,Inga.Lia@yopmail.com,police officer
Elise,Moseley,Elise.Moseley@yopmail.com,police officer
Gilda,Marsden,Gilda.Marsden@yopmail.com,doctor
Edee,Anselmi,Edee.Anselmi@yopmail.com,developer
Pearline,Callista,Pearline.Callista@yopmail.com,doctor
Bernardine,Howlyn,Bernardine.Howlyn@yopmail.com,developer
Oona,Pandolfi,Oona.Pandolfi@yopmail.com,doctor
Sarette,Cristi,Sarette.Cristi@yopmail.com,police officer
Paulita,Virgin,Paulita.Virgin@yopmail.com,firefighter
Dyann,Irmine,Dyann.Irmine@yopmail.com,doctor
Leanna,Tound,Leanna.Tound@yopmail.com,worker
Goldie,Smitt,Goldie.Smitt@yopmail.com,firefighter
Donnie,Modie,Donnie.Modie@yopmail.com,worker
Karena,Abram,Karena.Abram@yopmail.com,worker
Laure,Urania,Laure.Urania@yopmail.com,firefighter
Carlie,Delila,Carlie.Delila@yopmail.com,developer
Beatriz,Loring,Beatriz.Loring@yopmail.com,firefighter
Shauna,Latini,Shauna.Latini@yopmail.com,doctor
Dorice,Alfons,Dorice.Alfons@yopmail.com,worker
Valli,Ephrem,Valli.Ephrem@yopmail.com,worker
Johna,Fadiman,Johna.Fadiman@yopmail.com,doctor
Carol-Jean,Kunin,Carol-Jean.Kunin@yopmail.com,firefighter
Jsandye,Bultman,Jsandye.Bultman@yopmail.com,developer
Lisette,Emmy,Lisette.Emmy@yopmail.com,developer
Phedra,Desai,Phedra.Desai@yopmail.com,police officer
Clary,Malvino,Clary.Malvino@yopmail.com,developer
Susette,Corabella,Susette.Corabella@yopmail.com,police officer
Brianna,Sacken,Brianna.Sacken@yopmail.com,police officer
Meghann,Sharl,Meghann.Sharl@yopmail.com,firefighter
Heddie,Sallyann,Heddie.Sallyann@yopmail.com,police officer
Almeta,Abram,Almeta.Abram@yopmail.com,developer
Lita,Gherardo,Lita.Gherardo@yopmail.com,firefighter
Shel,Alfons,Shel.Alfons@yopmail.com,worker
Netty,Matthew,Netty.Matthew@yopmail.com,firefighter
Gui,Amadas,Gui.Amadas@yopmail.com,developer
Liana,Loring,Liana.Loring@yopmail.com,developer
Caressa,Constancy,Caressa.Constancy@yopmail.com,firefighter
Tybie,Riva,Tybie.Riva@yopmail.com,firefighter
Odessa,Pond,Odessa.Pond@yopmail.com,developer
Kara-Lynn,Faust,Kara-Lynn.Faust@yopmail.com,police officer
Roseline,Claudine,Roseline.Claudine@yopmail.com,police officer
Philis,Noman,Philis.Noman@yopmail.com,developer
Collen,Santoro,Collen.Santoro@yopmail.com,firefighter
Evaleen,Yusuk,Evaleen.Yusuk@yopmail.com,worker
Sara-Ann,Oscar,Sara-Ann.Oscar@yopmail.com,firefighter
Caritta,Nahum,Caritta.Nahum@yopmail.com,developer
Alameda,Modie,Alameda.Modie@yopmail.com,worker
Coral,Brieta,Coral.Brieta@yopmail.com,worker
Tomasina,Fitzsimmons,Tomasina.Fitzsimmons@yopmail.com,police officer
Mallory,Wittie,Mallory.Wittie@yopmail.com,worker
Dacia,Travax,Dacia.Travax@yopmail.com,worker
Sybille,Uund,Sybille.Uund@yopmail.com,firefighter
Briney,Arquit,Briney.Arquit@yopmail.com,worker
Estell,Orelee,Estell.Orelee@yopmail.com,worker
Ann-Marie,Vastah,Ann-Marie.Vastah@yopmail.com,police officer
Madeleine,Riva,Madeleine.Riva@yopmail.com,firefighter
Elbertina,Truc,Elbertina.Truc@yopmail.com,worker
Berta,Lenny,Berta.Lenny@yopmail.com,police officer
Farrah,Tamar,Farrah.Tamar@yopmail.com,police officer
Dania,Rona,Dania.Rona@yopmail.com,firefighter
Mignon,Durante,Mignon.Durante@yopmail.com,worker
Miquela,Stav,Miquela.Stav@yopmail.com,developer
Joeann,Richers,Joeann.Richers@yopmail.com,worker
Rebeca,Seessel,Rebeca.Seessel@yopmail.com,developer
Fina,Bobbee,Fina.Bobbee@yopmail.com,police officer
Frances,Whittaker,Frances.Whittaker@yopmail.com,police officer
Starla,Saree,Starla.Saree@yopmail.com,developer
Shaine,Lay,Shaine.Lay@yopmail.com,firefighter
Charissa,Newell,Charissa.Newell@yopmail.com,doctor
Carmela,Lorain,Carmela.Lorain@yopmail.com,doctor
Kore,Yerkovich,Kore.Yerkovich@yopmail.com,doctor
Harrietta,Bartlett,Harrietta.Bartlett@yopmail.com,doctor
Britni,Eldrid,Britni.Eldrid@yopmail.com,worker
Roslyn,Docilla,Roslyn.Docilla@yopmail.com,firefighter
Lory,Noelyn,Lory.Noelyn@yopmail.com,police officer
Ernesta,August,Ernesta.August@yopmail.com,doctor
Dacia,Guthrie,Dacia.Guthrie@yopmail.com,developer
Sara-Ann,Bibi,Sara-Ann.Bibi@yopmail.com,police officer
Anica,Horan,Anica.Horan@yopmail.com,firefighter
Jordan,Dosia,Jordan.Dosia@yopmail.com,police officer
Desirae,Argus,Desirae.Argus@yopmail.com,police officer
Cherrita,Rurik,Cherrita.Rurik@yopmail.com,developer
Roseline,Denis,Roseline.Denis@yopmail.com,police officer
Collen,Sigfrid,Collen.Sigfrid@yopmail.com,worker
Deedee,Kellby,Deedee.Kellby@yopmail.com,police officer
Vere,Wittie,Vere.Wittie@yopmail.com,firefighter
Minne,Rese,Minne.Rese@yopmail.com,worker
Genevra,Faria,Genevra.Faria@yopmail.com,developer
Frances,McCutcheon,Frances.McCutcheon@yopmail.com,doctor
Pamella,Dash,Pamella.Dash@yopmail.com,police officer
Queenie,Roarke,Queenie.Roarke@yopmail.com,developer
Lucille,Rillings,Lucille.Rillings@yopmail.com,police officer
Natka,Jacqui,Natka.Jacqui@yopmail.com,worker
Annora,Podvin,Annora.Podvin@yopmail.com,developer
Ermengarde,Toni,Ermengarde.Toni@yopmail.com,doctor
Larine,Primalia,Larine.Primalia@yopmail.com,firefighter
Ezmeralda,Baptlsta,Ezmeralda.Baptlsta@yopmail.com,firefighter
Daphne,Felecia,Daphne.Felecia@yopmail.com,doctor
Viviene,Joseph,Viviene.Joseph@yopmail.com,worker
Blinni,Lenny,Blinni.Lenny@yopmail.com,worker
Gwyneth,Talia,Gwyneth.Talia@yopmail.com,firefighter
Gisela,Rudolph,Gisela.Rudolph@yopmail.com,doctor
Darlleen,Doig,Darlleen.Doig@yopmail.com,developer
Mildrid,Gaynor,Mildrid.Gaynor@yopmail.com,police officer
Anallese,Melan,Anallese.Melan@yopmail.com,firefighter
Lindie,Stuart,Lindie.Stuart@yopmail.com,doctor
Britni,Durware,Britni.Durware@yopmail.com,firefighter
Kerrin,Nedrud,Kerrin.Nedrud@yopmail.com,firefighter
Danny,Jeanne,Danny.Jeanne@yopmail.com,developer
Sadie,Tarrant,Sadie.Tarrant@yopmail.com,doctor
Melodie,Amethist,Melodie.Amethist@yopmail.com,developer
Roxane,Allare,Roxane.Allare@yopmail.com,doctor
Margalo,Destinee,Margalo.Destinee@yopmail.com,doctor
Natka,Chabot,Natka.Chabot@yopmail.com,police officer
Jacquetta,Swigart,Jacquetta.Swigart@yopmail.com,doctor
Ermengarde,Yoko,Ermengarde.Yoko@yopmail.com,doctor
Malina,Japeth,Malina.Japeth@yopmail.com,worker
Mady,Thilda,Mady.Thilda@yopmail.com,doctor
Anthia,Nickola,Anthia.Nickola@yopmail.com,police officer
Cathyleen,Wesle,Cathyleen.Wesle@yopmail.com,developer
Ada,Pulsifer,Ada.Pulsifer@yopmail.com,worker
Sonni,Marden,Sonni.Marden@yopmail.com,worker
Flo,Maples,Flo.Maples@yopmail.com,developer
Maurene,Thomasina,Maurene.Thomasina@yopmail.com,worker
Joy,Claudine,Joy.Claudine@yopmail.com,firefighter
Jean,Pearse,Jean.Pearse@yopmail.com,police officer
Minne,Evangelia,Minne.Evangelia@yopmail.com,firefighter
Lory,Thad,Lory.Thad@yopmail.com,police officer
Xylina,Chrystel,Xylina.Chrystel@yopmail.com,developer
Ada,Baptlsta,Ada.Baptlsta@yopmail.com,developer
Berta,Salvidor,Berta.Salvidor@yopmail.com,worker
Elena,Maurine,Elena.Maurine@yopmail.com,firefighter
Steffane,Shanley,Steffane.Shanley@yopmail.com,firefighter
Adelle,Vastah,Adelle.Vastah@yopmail.com,worker
Ebonee,Clywd,Ebonee.Clywd@yopmail.com,police officer
Elise,Madaih,Elise.Madaih@yopmail.com,firefighter
Carlie,Goldina,Carlie.Goldina@yopmail.com,police officer
Ginnie,Frendel,Ginnie.Frendel@yopmail.com,worker
Frances,Darian,Frances.Darian@yopmail.com,firefighter
Annecorinne,Chrystel,Annecorinne.Chrystel@yopmail.com,doctor
Alameda,Genna,Alameda.Genna@yopmail.com,worker
Althea,Hoban,Althea.Hoban@yopmail.com,developer
Elyssa,Carri,Elyssa.Carri@yopmail.com,police officer
Flo,Fitzsimmons,Flo.Fitzsimmons@yopmail.com,doctor
Celene,Soneson,Celene.Soneson@yopmail.com,developer
Josephine,Sancho,Josephine.Sancho@yopmail.com,doctor
Valeda,Hoban,Valeda.Hoban@yopmail.com,police officer
Vere,Ventre,Vere.Ventre@yopmail.com,doctor
Marline,Monk,Marline.Monk@yopmail.com,police officer
Hildegaard,Fax,Hildegaard.Fax@yopmail.com,firefighter
Melanie,Atonsah,Melanie.Atonsah@yopmail.com,firefighter
Celene,Stoller,Celene.Stoller@yopmail.com,police officer
Jaime,Berriman,Jaime.Berriman@yopmail.com,developer
Penelopa,Hull,Penelopa.Hull@yopmail.com,worker
Ketti,Ivens,Ketti.Ivens@yopmail.com,police officer
Tatiania,Lutero,Tatiania.Lutero@yopmail.com,developer
Jerry,Hilbert,Jerry.Hilbert@yopmail.com,developer
Cyndie,Reidar,Cyndie.Reidar@yopmail.com,police officer
Abbie,Briney,Abbie.Briney@yopmail.com,doctor
Tori,Brittani,Tori.Brittani@yopmail.com,developer
Wanda,Tarrant,Wanda.Tarrant@yopmail.com,developer
Tonia,Cullin,Tonia.Cullin@yopmail.com,firefighter
Selia,Thar,Selia.Thar@yopmail.com,developer
Louella,Junie,Louella.Junie@yopmail.com,developer
Lanae,Aida,Lanae.Aida@yopmail.com,doctor
Bernardine,Schwejda,Bernardine.Schwejda@yopmail.com,police officer
Florie,Nisbet,Florie.Nisbet@yopmail.com,doctor
Carol-Jean,Fiester,Carol-Jean.Fiester@yopmail.com,developer
Minne,Kannry,Minne.Kannry@yopmail.com,worker
Leontine,Noman,Leontine.Noman@yopmail.com,police officer
Valera,Slifka,Valera.Slifka@yopmail.com,developer
Siana,Adalbert,Siana.Adalbert@yopmail.com,developer
Karena,Hurley,Karena.Hurley@yopmail.com,worker
Elie,Blase,Elie.Blase@yopmail.com,worker
Lesly,Ax,Lesly.Ax@yopmail.com,police officer
Cacilie,Nisbet,Cacilie.Nisbet@yopmail.com,police officer
Lory,Boehike,Lory.Boehike@yopmail.com,police officer
Melina,Khorma,Melina.Khorma@yopmail.com,firefighter